night,rmssd,rri_ms,hr_rest,recovery_indicator,baseline_rmssd,baseline_rri
2022-03-20,65.0,999,60.1,,,
2022-03-22,73.0,1109,54.1,,,
2022-03-23,71.0,1093,54.9,4.0,69.0,1054.0
2022-03-24,58.0,1007,59.6,2.0,70.0,1067.0
2022-03-25,53.0,994,60.4,2.0,67.0,1052.0
2022-03-26,72.0,1026,58.5,3.0,67.0,1040.0
2022-03-27,47.0,960,62.5,2.0,68.0,1038.0
2022-03-28,41.0,918,65.4,2.0,65.0,1027.0
2022-03-29,77.0,1119,53.6,5.0,63.0,1013.0
2022-03-30,61.0,1040,57.7,3.0,65.0,1025.0
2022-04-01,54.0,1015,59.1,3.0,64.0,1039.0
2022-04-04,70.0,1074,55.9,5.0,63.0,1036.0
2022-04-05,78.0,1152,52.1,3.0,64.0,1040.0
2022-04-06,66.0,1079,55.6,3.0,65.0,1049.0
2022-04-07,59.0,1010,59.4,4.0,65.0,1051.0
2022-04-08,48.0,909,66.0,1.0,65.0,1048.0
2022-04-09,64.0,1043,57.5,3.0,63.0,1048.0
2022-04-11,76.0,1146,52.4,5.0,64.0,1032.0
2022-04-12,98.0,1203,49.9,4.0,64.0,1040.0
2022-04-13,67.0,1142,52.5,5.0,64.0,1046.0
2022-04-16,77.0,1101,54.5,5.0,64.0,1051.0
2022-04-19,94.0,1107,54.2,5.0,65.0,1054.0
2022-04-20,70.0,1064,56.4,4.0,63.0,1057.0
2022-04-21,92.0,1163,51.6,4.0,64.0,1058.0
2022-04-22,79.0,1161,51.7,6.0,66.0,1068.0
2022-04-23,72.0,1164,51.5,5.0,67.0,1089.0
2022-04-24,60.0,999,60.1,2.0,67.0,1097.0
2022-04-26,85.0,1154,52.0,5.0,72.0,1099.0
2022-04-27,82.0,1171,51.2,6.0,72.0,1101.0
2022-04-28,61.0,1129,53.1,4.0,73.0,1108.0
2022-04-29,74.0,1172,51.2,4.0,73.0,1109.0
2022-04-30,62.0,1025,58.5,1.0,74.0,1118.0
2022-05-01,48.0,917,65.4,1.0,73.0,1119.0
2022-05-02,71.0,1081,55.5,3.0,72.0,1113.0
2022-05-03,66.0,1125,53.3,5.0,72.0,1113.0
2022-05-04,73.0,1172,51.2,6.0,71.0,1112.0
2022-05-05,68.0,1013,59.2,2.0,72.0,1122.0
2022-05-06,64.0,1038,57.8,2.0,72.0,1117.0
2022-05-08,76.0,1099,54.6,3.0,73.0,1123.0
2022-05-09,67.0,1149,52.2,5.0,73.0,1122.0
2022-05-10,66.0,1148,52.3,5.0,73.0,1122.0
2022-05-12,62.0,1075,55.8,4.0,72.0,1118.0
2022-05-13,64.0,1118,53.7,5.0,71.0,1116.0
2022-05-14,67.0,1162,51.6,5.0,71.0,1116.0
2022-05-15,57.0,1058,56.7,1.0,71.0,1119.0
2022-05-17,80.0,1142,52.5,6.0,69.0,1116.0
2022-05-18,62.0,1106,54.2,5.0,69.0,1120.0
2022-05-19,53.0,1011,59.3,2.0,68.0,1117.0
2022-05-20,59.0,1038,57.8,1.0,67.0,1110.0
2022-05-21,87.0,1123,53.4,4.0,67.0,1107.0
2022-05-22,65.0,1074,55.9,1.0,68.0,1105.0
2022-05-23,60.0,1057,56.8,3.0,67.0,1104.0
2022-05-24,71.0,1113,53.9,5.0,66.0,1102.0
2022-05-25,68.0,1099,54.6,4.0,66.0,1097.0
2022-05-26,72.0,1062,56.5,3.0,66.0,1096.0
2022-05-27,95.0,1166,51.5,5.0,66.0,1091.0
2022-05-28,99.0,1159,51.8,4.0,65.0,1097.0
2022-05-29,73.0,1048,57.3,1.0,67.0,1100.0
2022-05-30,76.0,1162,51.6,5.0,67.0,1098.0
2022-05-31,85.0,1169,51.3,6.0,68.0,1100.0
2022-06-01,77.0,1070,56.1,4.0,68.0,1102.0
2022-06-02,63.0,1075,55.8,3.0,69.0,1102.0
2022-06-03,84.0,1097,54.7,3.0,68.0,1101.0
2022-06-04,81.0,1246,48.2,4.0,69.0,1103.0
2022-06-05,71.0,1164,51.5,4.0,69.0,1107.0
2022-06-06,84.0,1053,57.0,1.0,69.0,1108.0
2022-06-07,69.0,1128,53.2,5.0,70.0,1106.0
2022-06-08,64.0,1054,56.9,2.0,70.0,1105.0
2022-06-09,64.0,973,61.7,1.0,70.0,1103.0
2022-06-10,69.0,1048,57.3,4.0,71.0,1103.0
2022-06-11,61.0,1011,59.3,2.0,71.0,1098.0
2022-06-13,61.0,949,63.2,1.0,72.0,1093.0
2022-06-14,70.0,1130,53.1,3.0,71.0,1093.0
2022-06-15,52.0,986,60.9,2.0,71.0,1092.0
2022-06-17,55.0,940,63.8,1.0,72.0,1093.0
2022-06-18,94.0,1104,54.3,3.0,70.0,1086.0
2022-06-19,80.0,1021,58.8,4.0,70.0,1088.0
2022-06-20,61.0,1087,55.2,4.0,70.0,1086.0
2022-06-21,77.0,1062,56.5,3.0,70.0,1085.0
2022-06-22,68.0,1097,54.7,4.0,70.0,1083.0
2022-06-23,61.0,1098,54.6,4.0,70.0,1084.0
2022-06-24,64.0,1088,55.1,3.0,71.0,1082.0
2022-06-26,46.0,939,63.9,2.0,70.0,1074.0
2022-06-27,45.0,892,67.3,2.0,70.0,1074.0
2022-06-28,60.0,1000,60.0,4.0,67.0,1053.0
2022-06-29,77.0,1068,56.2,4.0,67.0,1050.0
2022-06-30,75.0,1104,54.3,4.0,68.0,1051.0
2022-07-01,70.0,1022,58.7,3.0,69.0,1052.0
2022-07-03,63.0,1063,56.4,5.0,66.0,1049.0
2022-07-04,57.0,923,65.0,1.0,66.0,1045.0
2022-07-05,53.0,824,72.8,2.0,65.0,1044.0
2022-07-06,69.0,997,60.2,5.0,64.0,1034.0
2022-07-07,71.0,997,60.2,3.0,64.0,1035.0
2022-07-08,61.0,1078,55.7,5.0,65.0,1033.0
2022-07-09,60.0,960,62.5,1.0,64.0,1035.0
2022-07-10,65.0,930,64.5,1.0,64.0,1032.0
2022-07-11,59.0,1036,57.9,5.0,64.0,1032.0
2022-07-12,77.0,989,60.7,5.0,64.0,1027.0
2022-07-13,57.0,999,60.1,1.0,65.0,1026.0
2022-07-14,58.0,985,60.9,4.0,65.0,1026.0
2022-07-16,62.0,1060,56.6,3.0,66.0,1025.0
2022-07-17,66.0,1043,57.5,4.0,65.0,1026.0
2022-07-18,67.0,1066,56.3,3.0,65.0,1024.0
2022-07-19,81.0,1107,54.2,5.0,65.0,1026.0
2022-07-20,84.0,1124,53.4,5.0,65.0,1028.0
2022-07-21,80.0,1133,53.0,5.0,66.0,1026.0
2022-07-22,41.0,794,75.6,2.0,67.0,1028.0
2022-07-23,76.0,1151,52.1,3.0,67.0,1028.0
2022-07-24,61.0,1011,59.3,3.0,67.0,1038.0
2022-07-25,65.0,1050,57.1,5.0,67.0,1037.0
2022-07-26,83.0,1176,51.0,5.0,67.0,1037.0
2022-07-27,87.0,1159,51.8,6.0,68.0,1039.0
2022-07-28,76.0,1124,53.4,6.0,68.0,1043.0
2022-07-29,74.0,1026,58.5,4.0,67.0,1050.0
2022-07-30,66.0,1092,54.9,3.0,68.0,1049.0
2022-08-01,67.0,1077,55.7,5.0,68.0,1056.0
2022-08-02,62.0,1075,55.8,5.0,69.0,1057.0
2022-08-04,70.0,921,65.1,2.0,69.0,1069.0
2022-08-05,55.0,1000,60.0,2.0,69.0,1069.0
2022-08-06,71.0,1080,55.6,3.0,68.0,1066.0
2022-08-07,81.0,1120,53.6,4.0,69.0,1071.0
2022-08-08,65.0,1104,54.3,4.0,69.0,1073.0
2022-08-09,83.0,1161,51.7,6.0,69.0,1080.0
2022-08-10,65.0,1090,55.0,5.0,71.0,1087.0
2022-08-11,75.0,1132,53.0,4.0,71.0,1088.0
2022-08-12,60.0,1095,54.8,4.0,72.0,1094.0
2022-08-13,56.0,1104,54.3,4.0,72.0,1095.0
2022-08-14,71.0,1148,52.3,5.0,71.0,1098.0
2022-08-15,76.0,1025,58.5,1.0,71.0,1105.0
2022-08-16,74.0,1155,51.9,5.0,71.0,1103.0
2022-08-18,62.0,1038,57.8,2.0,70.0,1098.0
2022-08-19,68.0,1159,51.8,3.0,69.0,1095.0
2022-08-20,68.0,1105,54.3,3.0,69.0,1096.0
2022-08-21,68.0,1017,59.0,1.0,69.0,1096.0
2022-08-23,74.0,1107,54.2,5.0,69.0,1099.0
2022-08-24,60.0,1101,54.5,4.0,70.0,1100.0
2022-08-25,65.0,1104,54.3,4.0,70.0,1096.0
2022-08-26,72.0,1142,52.5,5.0,69.0,1096.0
2022-08-28,62.0,1162,51.6,5.0,68.0,1102.0
2022-08-29,63.0,1079,55.6,5.0,68.0,1106.0
2022-08-30,68.0,1071,56.0,4.0,68.0,1106.0
2022-08-31,55.0,973,61.7,2.0,68.0,1105.0
2022-09-01,69.0,1054,56.9,4.0,67.0,1105.0
2022-09-02,54.0,1007,59.6,2.0,67.0,1106.0
2022-09-03,63.0,977,61.4,1.0,67.0,1106.0
2022-09-05,72.0,996,60.2,1.0,66.0,1098.0
2022-09-06,69.0,1072,56.0,5.0,67.0,1090.0
2022-09-07,70.0,1139,52.7,5.0,67.0,1089.0
2022-09-08,61.0,1062,56.5,4.0,68.0,1091.0
2022-09-09,54.0,1029,58.3,2.0,67.0,1088.0
2022-09-10,69.0,1104,54.3,3.0,67.0,1084.0
2022-09-12,57.0,996,60.2,2.0,67.0,1085.0
2022-09-13,59.0,1053,57.0,3.0,66.0,1081.0
2022-09-14,70.0,1113,53.9,5.0,65.0,1072.0
2022-09-15,60.0,1000,60.0,2.0,66.0,1071.0
2022-09-16,75.0,1116,53.8,6.0,65.0,1064.0
2022-09-17,81.0,1058,56.7,5.0,66.0,1064.0
2022-09-18,60.0,1063,56.4,4.0,65.0,1066.0
2022-09-19,72.0,1161,51.7,4.0,64.0,1066.0
2022-09-20,73.0,1099,54.6,3.0,65.0,1070.0
2022-09-21,62.0,1081,55.5,3.0,65.0,1069.0
2022-09-22,67.0,1037,57.9,3.0,65.0,1067.0
2022-09-23,73.0,1098,54.6,5.0,65.0,1063.0
2022-09-25,73.0,1025,58.5,3.0,66.0,1056.0
2022-09-26,60.0,970,61.9,1.0,66.0,1053.0
2022-09-27,64.0,1031,58.2,3.0,66.0,1049.0
2022-09-29,70.0,1034,58.0,3.0,66.0,1051.0
2022-09-30,61.0,1077,55.7,5.0,66.0,1050.0
2022-10-02,63.0,1097,54.7,5.0,67.0,1061.0
2022-10-03,59.0,950,63.2,2.0,66.0,1066.0
2022-10-04,74.0,1021,58.8,3.0,66.0,1070.0
2022-10-05,64.0,992,60.5,2.0,66.0,1065.0
2022-10-06,70.0,1134,52.9,5.0,66.0,1052.0
2022-10-08,57.0,1049,57.2,3.0,66.0,1055.0
2022-10-09,75.0,1048,57.3,5.0,66.0,1054.0
2022-10-10,67.0,1030,58.3,1.0,66.0,1054.0
2022-10-11,65.0,1048,57.3,5.0,66.0,1056.0
2022-10-12,67.0,1071,56.0,5.0,67.0,1056.0
2022-10-13,49.0,951,63.1,2.0,67.0,1056.0
2022-10-14,49.0,955,62.8,2.0,66.0,1048.0
2022-10-16,56.0,1051,57.1,3.0,66.0,1043.0
2022-10-18,67.0,1030,58.3,4.0,66.0,1031.0
2022-10-19,62.0,1090,55.0,4.0,66.0,1031.0
2022-10-20,81.0,1079,55.6,3.0,66.0,1031.0
2022-10-21,88.0,1089,55.1,5.0,66.0,1033.0
2022-10-22,71.0,1106,54.2,4.0,65.0,1033.0
2022-10-23,48.0,783,76.6,1.0,65.0,1037.0
2022-10-24,54.0,1056,56.8,5.0,65.0,1044.0
2022-10-25,79.0,1085,55.3,5.0,64.0,1046.0
2022-10-28,62.0,1068,56.2,3.0,64.0,1048.0
2022-10-29,61.0,1082,55.5,5.0,64.0,1048.0
2022-10-30,74.0,1156,51.9,5.0,64.0,1047.0
2022-11-01,69.0,1148,52.3,4.0,64.0,1052.0
2022-11-02,75.0,1190,50.4,3.0,64.0,1058.0
2022-11-03,90.0,1114,53.9,5.0,64.0,1063.0
2022-11-04,68.0,926,64.8,2.0,64.0,1065.0
2022-11-05,69.0,1111,54.0,5.0,65.0,1072.0
2022-11-06,72.0,1056,56.8,5.0,65.0,1074.0
2022-11-07,62.0,1096,54.7,5.0,65.0,1075.0
2022-11-09,74.0,1083,55.4,5.0,65.0,1079.0
2022-11-10,46.0,799,75.1,2.0,65.0,1080.0
2022-11-11,61.0,1006,59.6,3.0,66.0,1085.0
2022-11-12,74.0,1090,55.0,3.0,66.0,1081.0
2022-11-13,73.0,1120,53.6,5.0,66.0,1083.0
2022-11-14,52.0,787,76.2,1.0,67.0,1085.0
2022-11-15,56.0,950,63.2,2.0,66.0,1072.0
2022-11-16,64.0,999,60.1,1.0,66.0,1067.0
2022-11-17,53.0,961,62.4,1.0,65.0,1063.0
2022-11-18,66.0,1054,56.9,3.0,64.0,1059.0
2022-11-19,76.0,1098,54.6,6.0,64.0,1057.0
2022-11-20,57.0,1037,57.9,1.0,66.0,1057.0
2022-11-21,68.0,1070,56.1,5.0,66.0,1068.0
2022-11-22,66.0,1028,58.4,1.0,67.0,1068.0
2022-11-23,60.0,1027,58.4,1.0,66.0,1066.0
2022-11-26,60.0,985,60.9,2.0,66.0,1064.0
2022-11-28,68.0,951,63.1,2.0,65.0,1055.0
2022-11-29,59.0,1045,57.4,5.0,65.0,1045.0
2022-11-30,50.0,976,61.5,2.0,65.0,1045.0
2022-12-01,54.0,1029,58.3,3.0,64.0,1036.0
2022-12-02,69.0,1110,54.1,3.0,64.0,1032.0
2022-12-03,71.0,1120,53.6,5.0,64.0,1040.0
2022-12-04,58.0,1033,58.1,4.0,63.0,1040.0
2022-12-05,77.0,1142,52.5,4.0,63.0,1039.0
2022-12-06,61.0,1138,52.7,4.0,64.0,1042.0
2022-12-07,52.0,1066,56.3,5.0,64.0,1046.0
2022-12-09,54.0,1021,58.8,4.0,63.0,1045.0
2022-12-11,51.0,908,66.1,1.0,60.0,1040.0
2022-12-12,71.0,1020,58.8,5.0,59.0,1040.0
2022-12-13,79.0,1028,58.4,6.0,61.0,1043.0
2022-12-14,56.0,1039,57.7,4.0,61.0,1045.0
2022-12-18,64.0,1011,59.3,5.0,60.0,1040.0
2022-12-20,83.0,1130,53.1,5.0,60.0,1037.0
2022-12-21,76.0,1035,58.0,4.0,61.0,1044.0
2022-12-22,56.0,1005,59.7,3.0,62.0,1049.0
2022-12-23,66.0,1098,54.6,6.0,62.0,1047.0
2022-12-24,53.0,954,62.9,2.0,63.0,1052.0
2022-12-26,81.0,1154,52.0,4.0,62.0,1048.0
2022-12-27,62.0,1050,57.1,4.0,62.0,1058.0
2022-12-28,71.0,1082,55.5,5.0,62.0,1058.0
2022-12-29,60.0,1027,58.4,3.0,63.0,1063.0
2022-12-30,72.0,1027,58.4,3.0,64.0,1063.0
2022-12-31,53.0,991,60.5,1.0,65.0,1059.0
2023-01-01,56.0,932,64.4,1.0,65.0,1053.0
2023-01-02,57.0,1033,58.1,1.0,64.0,1054.0
2023-01-03,59.0,1102,54.4,4.0,64.0,1043.0
2023-01-04,62.0,1032,58.1,3.0,64.0,1033.0
2023-01-05,52.0,839,71.5,1.0,64.0,1032.0
2023-01-06,68.0,1050,57.1,4.0,63.0,1039.0
2023-01-07,38.0,813,73.8,1.0,63.0,1040.0
2023-01-08,76.0,1044,57.5,5.0,64.0,1040.0
2023-01-09,59.0,1094,54.8,5.0,64.0,1040.0
2023-01-11,69.0,991,60.5,5.0,63.0,1045.0
2023-01-12,66.0,979,61.3,3.0,64.0,1042.0
2023-01-13,60.0,1013,59.2,3.0,64.0,1039.0
2023-01-14,54.0,869,69.0,2.0,64.0,1038.0
2023-01-15,54.0,999,60.1,4.0,63.0,1031.0
2023-01-16,58.0,1012,59.3,4.0,62.0,1037.0
2023-01-17,56.0,961,62.4,2.0,62.0,1036.0
2023-01-18,50.0,985,60.9,3.0,60.0,1029.0
2023-01-19,72.0,1119,53.6,4.0,60.0,1027.0
2023-01-20,53.0,1058,56.7,5.0,60.0,1032.0
2023-01-21,49.0,912,65.8,2.0,60.0,1030.0
2023-01-22,62.0,977,61.4,1.0,60.0,1028.0
2023-01-23,65.0,1077,55.7,5.0,60.0,1026.0
2023-01-24,69.0,887,67.6,2.0,60.0,1022.0
2023-01-25,63.0,1085,55.3,5.0,60.0,1016.0
2023-01-26,54.0,1027,58.4,5.0,60.0,1016.0
2023-01-27,62.0,956,62.8,4.0,59.0,1016.0
2023-01-28,74.0,945,63.5,5.0,59.0,1013.0
2023-01-30,49.0,933,64.3,2.0,60.0,1015.0
2023-01-31,59.0,1034,58.0,5.0,59.0,1010.0
2023-02-01,63.0,1105,54.3,6.0,59.0,1006.0
2023-02-02,81.0,1175,51.1,3.0,59.0,1011.0
2023-02-03,67.0,966,62.1,1.0,60.0,1011.0
2023-02-04,55.0,910,65.9,1.0,60.0,1007.0
2023-02-05,62.0,963,62.3,4.0,59.0,1001.0
2023-02-06,64.0,1042,57.6,3.0,60.0,1000.0
2023-02-08,76.0,1098,54.6,5.0,59.0,992.0
2023-02-09,71.0,1114,53.9,4.0,59.0,998.0
2023-02-10,65.0,1101,54.5,5.0,60.0,1007.0
2023-02-13,65.0,1064,56.4,5.0,61.0,1012.0
2023-02-14,68.0,1111,54.0,3.0,61.0,1014.0
2023-02-15,69.0,1150,52.2,6.0,62.0,1020.0
2023-02-16,68.0,1108,54.2,3.0,62.0,1023.0
2023-02-17,90.0,1109,54.1,5.0,63.0,1032.0
2023-02-18,67.0,1087,55.2,4.0,64.0,1041.0
2023-02-22,59.0,944,63.6,2.0,66.0,1059.0
2023-02-23,71.0,1167,51.4,4.0,66.0,1053.0
2023-02-25,67.0,1060,56.6,3.0,67.0,1056.0
2023-02-26,66.0,1042,57.6,3.0,67.0,1062.0
2023-02-27,66.0,1068,56.2,5.0,66.0,1068.0
2023-02-28,57.0,1001,59.9,1.0,66.0,1078.0
2023-03-01,59.0,963,62.3,1.0,66.0,1081.0
2023-03-02,59.0,918,65.4,1.0,65.0,1073.0
2023-03-03,72.0,1064,56.4,5.0,64.0,1066.0
2023-03-04,55.0,922,65.1,1.0,65.0,1066.0
2023-03-05,71.0,1005,59.7,3.0,65.0,1066.0
2023-03-06,64.0,926,64.8,2.0,65.0,1068.0
2023-03-07,83.0,1047,57.3,3.0,65.0,1062.0
2023-03-08,34.0,757,79.3,2.0,66.0,1061.0
2023-03-09,62.0,1056,56.8,1.0,66.0,1049.0
2023-03-10,74.0,1106,54.2,5.0,66.0,1043.0
2023-03-11,69.0,1235,48.6,5.0,66.0,1044.0
2023-03-12,60.0,952,63.0,1.0,66.0,1044.0
2023-03-14,60.0,1071,56.0,3.0,66.0,1038.0
2023-03-15,78.0,1085,55.3,4.0,65.0,1031.0
2023-03-16,54.0,1067,56.2,5.0,66.0,1033.0
2023-03-19,67.0,1085,55.3,5.0,64.0,1024.0
2023-03-20,61.0,975,61.5,3.0,65.0,1027.0
2023-03-21,74.0,1043,57.5,3.0,64.0,1025.0
2023-03-23,66.0,1154,52.0,6.0,65.0,1023.0
2023-03-24,65.0,1107,54.2,3.0,65.0,1029.0
2023-03-25,54.0,1042,57.6,4.0,65.0,1033.0
2023-03-26,66.0,1079,55.6,5.0,64.0,1031.0
2023-03-28,35.0,702,85.5,2.0,64.0,1032.0
2023-03-31,78.0,1229,48.8,5.0,66.0,1054.0
2023-04-01,75.0,1190,50.4,3.0,66.0,1062.0
2023-04-02,64.0,1109,54.1,4.0,67.0,1077.0
2023-04-04,68.0,1145,52.4,5.0,66.0,1093.0
2023-04-05,66.0,1158,51.8,5.0,66.0,1096.0
2023-04-07,64.0,1191,50.4,5.0,67.0,1102.0
2023-04-08,76.0,1033,58.1,4.0,66.0,1107.0
2023-04-10,70.0,1111,54.0,3.0,67.0,1096.0
2023-04-11,65.0,1082,55.5,4.0,67.0,1097.0
2023-04-12,75.0,1155,51.9,6.0,67.0,1097.0
2023-04-13,79.0,1170,51.3,6.0,67.0,1102.0
2023-04-14,78.0,1164,51.5,5.0,69.0,1123.0
2023-04-15,76.0,1204,49.8,4.0,70.0,1125.0
2023-04-16,65.0,1033,58.1,2.0,70.0,1129.0
2023-04-17,63.0,1169,51.3,3.0,71.0,1126.0
2023-04-18,84.0,1198,50.1,5.0,70.0,1128.0
2023-04-19,68.0,1160,51.7,3.0,71.0,1136.0
2023-04-20,68.0,1139,52.7,3.0,71.0,1137.0
2023-04-21,71.0,1154,52.0,5.0,71.0,1137.0
2023-04-22,67.0,1184,50.7,6.0,70.0,1144.0
2023-04-23,76.0,1176,51.0,6.0,70.0,1151.0
2023-04-25,68.0,1187,50.5,5.0,71.0,1156.0
2023-04-26,56.0,1057,56.8,2.0,70.0,1164.0
2023-04-27,69.0,1131,53.1,5.0,70.0,1159.0
2023-04-28,93.0,1212,49.5,5.0,70.0,1154.0
2023-04-29,62.0,1121,53.5,3.0,69.0,1155.0
2023-04-30,72.0,1120,53.6,1.0,69.0,1154.0
2023-05-01,34.0,779,77.0,2.0,69.0,1154.0
2023-05-02,73.0,1086,55.2,4.0,69.0,1154.0
2023-05-03,75.0,1123,53.4,4.0,70.0,1146.0
2023-05-04,72.0,1141,52.6,5.0,70.0,1150.0
2023-05-05,,1115,53.8,,70.0,1149.0
2023-05-07,63.0,1126,53.3,3.0,71.0,1150.0
2023-05-08,60.0,1084,55.4,1.0,71.0,1149.0
2023-05-09,63.0,1159,51.8,5.0,70.0,1151.0
2023-05-10,66.0,1148,52.3,4.0,69.0,1151.0
2023-05-11,65.0,1170,51.3,3.0,69.0,1150.0
2023-05-12,73.0,1192,50.3,5.0,68.0,1151.0
2023-05-13,61.0,1159,51.8,3.0,68.0,1152.0
2023-05-18,65.0,1184,50.7,4.0,68.0,1149.0
2023-05-20,52.0,1072,56.0,2.0,67.0,1148.0
2023-05-21,69.0,1092,54.9,4.0,66.0,1136.0
2023-05-22,51.0,841,71.3,1.0,66.0,1134.0
2023-05-23,56.0,1030,58.3,1.0,65.0,1134.0
2023-05-24,62.0,1118,53.7,3.0,64.0,1126.0
2023-05-25,70.0,1127,53.2,5.0,65.0,1129.0
2023-05-26,43.0,826,72.6,1.0,66.0,1125.0
2023-05-27,57.0,962,62.4,1.0,65.0,1110.0
2023-05-31,64.0,1076,55.8,3.0,63.0,1117.0
2023-06-01,70.0,1110,54.1,3.0,62.0,1113.0
2023-06-02,55.0,922,65.1,1.0,63.0,1113.0
2023-06-03,64.0,1027,58.4,3.0,63.0,1102.0
2023-06-04,57.0,1013,59.2,4.0,63.0,1096.0
2023-06-05,65.0,1039,57.7,5.0,63.0,1092.0
2023-06-06,60.0,1079,55.6,4.0,63.0,1089.0
2023-06-07,64.0,1110,54.1,3.0,63.0,1084.0
2023-06-08,75.0,1058,56.7,4.0,63.0,1077.0
2023-06-10,53.0,1079,55.6,5.0,61.0,1064.0
2023-06-12,51.0,947,63.4,2.0,61.0,1065.0
2023-06-13,57.0,982,61.1,4.0,60.0,1058.0
2023-06-15,69.0,1132,53.0,6.0,60.0,1047.0
2023-06-16,60.0,1097,54.7,3.0,60.0,1051.0
2023-06-17,54.0,972,61.7,2.0,60.0,1054.0
2023-06-18,53.0,1060,56.6,5.0,60.0,1049.0
2023-06-19,67.0,1137,52.8,4.0,60.0,1047.0
2023-06-20,63.0,1139,52.7,3.0,60.0,1051.0
2023-06-21,65.0,1098,54.6,5.0,61.0,1053.0
2023-06-22,58.0,1140,52.6,5.0,60.0,1052.0
2023-06-23,60.0,1069,56.1,3.0,60.0,1056.0
2023-06-24,67.0,1085,55.3,6.0,60.0,1057.0
2023-06-25,61.0,967,62.0,2.0,61.0,1069.0
2023-06-26,71.0,1128,53.2,3.0,61.0,1070.0
2023-06-27,58.0,1078,55.7,4.0,61.0,1073.0
2023-06-28,69.0,1127,53.2,6.0,61.0,1073.0
2023-06-29,68.0,1162,51.6,3.0,61.0,1080.0
2023-06-30,61.0,1063,56.4,4.0,61.0,1082.0
2023-07-01,51.0,1062,56.5,4.0,61.0,1086.0
2023-07-02,64.0,1099,54.6,4.0,61.0,1086.0
2023-07-03,50.0,965,62.2,2.0,61.0,1092.0
2023-07-04,38.0,1084,55.4,4.0,61.0,1089.0
2023-07-05,63.0,1135,52.9,5.0,60.0,1083.0
2023-07-06,62.0,1098,54.6,4.0,61.0,1086.0
2023-07-07,66.0,1129,53.1,5.0,61.0,1092.0
2023-07-08,57.0,1020,58.8,1.0,61.0,1094.0
2023-07-09,57.0,1035,58.0,3.0,61.0,1091.0
2023-07-10,55.0,984,61.0,2.0,61.0,1089.0
2023-07-11,64.0,1105,54.3,4.0,61.0,1094.0
2023-07-12,54.0,1008,59.5,2.0,61.0,1094.0
2023-07-13,55.0,985,60.9,1.0,61.0,1091.0
2023-07-15,55.0,1053,57.0,4.0,61.0,1089.0
2023-07-16,64.0,1060,56.6,5.0,61.0,1089.0
2023-07-17,52.0,1032,58.1,2.0,61.0,1085.0
2023-07-18,62.0,1088,55.1,4.0,60.0,1081.0
2023-07-19,64.0,1171,51.2,3.0,60.0,1081.0
2023-07-20,63.0,1057,56.8,4.0,60.0,1084.0
2023-07-21,56.0,1089,55.1,4.0,61.0,1081.0
2023-07-23,50.0,1001,59.9,2.0,60.0,1081.0
2023-07-25,67.0,1085,55.3,5.0,60.0,1080.0
2023-07-26,68.0,1066,56.3,4.0,60.0,1080.0
2023-07-27,54.0,1070,56.1,4.0,60.0,1077.0
2023-07-28,57.0,1035,58.0,3.0,60.0,1065.0
2023-07-29,68.0,1056,56.8,3.0,60.0,1060.0
2023-07-30,61.0,1044,57.5,3.0,60.0,1058.0
2023-07-31,66.0,1089,55.1,5.0,60.0,1057.0
2023-08-01,67.0,1050,57.1,4.0,60.0,1058.0
2023-08-02,75.0,1100,54.5,5.0,61.0,1057.0
2023-08-03,64.0,1128,53.2,4.0,61.0,1056.0
2023-08-04,58.0,1046,57.4,1.0,60.0,1054.0
2023-08-05,56.0,1020,58.8,3.0,61.0,1055.0
2023-08-06,56.0,1059,56.7,5.0,60.0,1054.0
2023-08-07,49.0,991,60.5,2.0,61.0,1058.0
2023-08-09,65.0,1150,52.2,3.0,60.0,1058.0
2023-08-10,72.0,1023,58.7,3.0,60.0,1058.0
2023-08-11,58.0,1082,55.5,3.0,60.0,1056.0
2023-08-12,67.0,1057,56.8,3.0,60.0,1058.0
2023-08-13,52.0,947,63.4,1.0,60.0,1058.0
2023-08-14,47.0,891,67.3,2.0,60.0,1063.0
2023-08-15,63.0,1080,55.6,5.0,60.0,1063.0
2023-08-16,56.0,1000,60.0,1.0,61.0,1063.0
2023-08-17,69.0,1048,57.3,4.0,60.0,1060.0
2023-08-18,77.0,1076,55.8,6.0,60.0,1055.0
2023-08-19,60.0,1050,57.1,3.0,60.0,1055.0
2023-08-20,53.0,974,61.6,2.0,61.0,1057.0
2023-08-21,50.0,1025,58.5,2.0,61.0,1053.0
2023-08-22,59.0,1071,56.0,4.0,61.0,1052.0
2023-08-23,69.0,1029,58.3,3.0,60.0,1051.0
2023-08-24,54.0,1062,56.5,3.0,60.0,1050.0
2023-08-27,53.0,929,64.6,2.0,60.0,1050.0
2023-08-28,54.0,1040,57.7,3.0,59.0,1055.0
2023-08-29,71.0,1096,54.7,5.0,59.0,1053.0
2023-08-30,66.0,1111,54.0,3.0,59.0,1055.0
2023-08-31,71.0,1103,54.4,5.0,59.0,1055.0
2023-09-01,69.0,1078,55.7,6.0,60.0,1050.0
2023-09-03,49.0,970,61.9,1.0,60.0,1052.0
2023-09-05,59.0,1075,55.8,5.0,60.0,1051.0
2023-09-06,68.0,1063,56.4,4.0,60.0,1052.0
2023-09-07,63.0,1037,57.9,3.0,60.0,1048.0
2023-09-08,59.0,1048,57.3,5.0,60.0,1049.0
2023-09-09,50.0,930,64.5,2.0,60.0,1047.0
2023-09-11,51.0,981,61.2,2.0,60.0,1046.0
2023-09-12,67.0,1085,55.3,4.0,60.0,1048.0
2023-09-13,66.0,1037,57.9,4.0,60.0,1049.0
2023-09-14,63.0,990,60.6,4.0,60.0,1050.0
2023-09-15,65.0,1111,54.0,4.0,60.0,1048.0
2023-09-16,61.0,1049,57.2,5.0,60.0,1049.0
2023-09-17,41.0,967,62.0,2.0,60.0,1049.0
2023-09-18,44.0,889,67.5,2.0,61.0,1049.0
2023-09-19,54.0,1002,59.9,4.0,61.0,1044.0
2023-09-20,64.0,1125,53.3,5.0,61.0,1041.0
2023-09-21,65.0,1063,56.4,5.0,61.0,1046.0
2023-09-22,67.0,1125,53.3,5.0,61.0,1046.0
2023-09-23,70.0,1150,52.2,4.0,62.0,1049.0
2023-09-24,64.0,1066,56.3,4.0,62.0,1059.0
2023-09-25,57.0,1022,58.7,1.0,62.0,1060.0
2023-09-26,60.0,1060,56.6,3.0,63.0,1059.0
2023-09-27,68.0,1097,54.7,4.0,63.0,1057.0
2023-09-28,61.0,957,62.7,2.0,63.0,1057.0
2023-09-29,66.0,1114,53.9,3.0,62.0,1050.0
2023-10-01,63.0,1118,53.7,5.0,62.0,1052.0
2023-10-02,72.0,995,60.3,4.0,63.0,1058.0
2023-10-04,70.0,1083,55.4,3.0,63.0,1055.0
2023-10-05,66.0,978,61.3,1.0,63.0,1056.0
2023-10-06,42.0,813,73.8,2.0,64.0,1053.0
2023-10-07,48.0,887,67.6,1.0,63.0,1053.0
2023-10-08,34.0,839,71.5,2.0,63.0,1053.0
2023-10-09,51.0,997,60.2,2.0,62.0,1046.0
2023-10-10,67.0,1049,57.2,3.0,62.0,1047.0
2023-10-11,75.0,1124,53.4,5.0,62.0,1045.0
2023-10-12,67.0,1098,54.6,6.0,63.0,1049.0
2023-10-13,74.0,1127,53.2,3.0,63.0,1054.0
2023-10-14,60.0,1042,57.6,5.0,63.0,1055.0
2023-10-15,60.0,982,61.1,1.0,63.0,1054.0
2023-10-16,59.0,899,66.7,2.0,64.0,1055.0
2023-10-17,74.0,1092,54.9,5.0,64.0,1055.0
2023-10-18,68.0,1154,52.0,5.0,65.0,1059.0
2023-10-19,69.0,1136,52.8,6.0,65.0,1061.0
2023-10-20,68.0,1120,53.6,5.0,66.0,1064.0
2023-10-22,66.0,1054,56.9,3.0,65.0,1060.0
2023-10-23,64.0,1145,52.4,6.0,66.0,1059.0
2023-10-24,77.0,1201,50.0,5.0,66.0,1065.0
2023-10-25,65.0,1141,52.6,5.0,67.0,1071.0
2023-10-26,70.0,1123,53.4,5.0,66.0,1073.0
2023-10-27,62.0,1056,56.8,3.0,67.0,1081.0
2023-10-28,65.0,1015,59.1,3.0,67.0,1078.0
2023-10-29,40.0,840,71.4,2.0,67.0,1075.0
2023-10-30,62.0,1106,54.2,5.0,66.0,1065.0
2023-10-31,82.0,1225,49.0,5.0,66.0,1070.0
2023-11-01,77.0,1119,53.6,5.0,66.0,1076.0
2023-11-02,70.0,1117,53.7,5.0,67.0,1078.0
2023-11-03,67.0,1041,57.6,5.0,67.0,1084.0
2023-11-04,62.0,1068,56.2,5.0,67.0,1090.0
2023-11-05,61.0,1074,55.9,4.0,68.0,1097.0
2023-11-06,58.0,1068,56.2,4.0,67.0,1091.0
2023-11-07,71.0,1081,55.5,4.0,66.0,1094.0
2023-11-08,64.0,1098,54.6,4.0,66.0,1095.0
2023-11-09,77.0,1224,49.0,5.0,66.0,1094.0
2023-11-10,73.0,1172,51.2,5.0,66.0,1099.0
2023-11-11,82.0,1205,49.8,6.0,67.0,1101.0
2023-11-12,69.0,1177,51.0,4.0,67.0,1108.0
2023-11-13,63.0,1072,56.0,3.0,67.0,1120.0
2023-11-14,77.0,1215,49.4,5.0,68.0,1119.0
2023-11-18,75.0,1195,50.2,5.0,68.0,1122.0
2023-11-20,55.0,1031,58.2,2.0,69.0,1128.0
2023-11-21,75.0,1181,50.8,5.0,70.0,1123.0
2023-11-22,89.0,1183,50.7,5.0,69.0,1122.0
2023-11-23,77.0,1109,54.1,4.0,69.0,1124.0
2023-11-24,84.0,1201,50.0,4.0,69.0,1123.0
2023-11-27,70.0,1091,55.0,4.0,71.0,1135.0
2023-11-28,69.0,1117,53.7,5.0,72.0,1134.0
2023-11-29,67.0,1051,57.1,1.0,71.0,1129.0
2023-11-30,71.0,1115,53.8,5.0,71.0,1126.0
2023-12-02,81.0,1130,53.1,5.0,71.0,1130.0
2023-12-03,74.0,1168,51.4,5.0,72.0,1133.0
2023-12-05,61.0,1131,53.1,4.0,73.0,1141.0
2023-12-06,64.0,1149,52.2,4.0,73.0,1143.0
2023-12-07,73.0,1150,52.2,4.0,73.0,1146.0
2023-12-08,55.0,1042,57.6,2.0,73.0,1148.0
2023-12-11,75.0,1177,51.0,5.0,71.0,1141.0
2023-12-12,82.0,1115,53.8,3.0,72.0,1148.0
2023-12-13,59.0,1007,59.6,2.0,72.0,1141.0
2023-12-15,72.0,1053,57.0,2.0,71.0,1136.0
2023-12-16,56.0,991,60.5,1.0,71.0,1131.0
2023-12-17,57.0,969,61.9,2.0,70.0,1122.0
2023-12-18,61.0,1033,58.1,3.0,69.0,1116.0
2023-12-19,51.0,939,63.9,2.0,69.0,1116.0
2023-12-20,42.0,865,69.4,2.0,69.0,1106.0
2023-12-21,56.0,965,62.2,2.0,69.0,1095.0
2023-12-22,60.0,1050,57.1,3.0,68.0,1087.0
2023-12-23,57.0,1048,57.3,4.0,66.0,1079.0
2023-12-25,53.0,1017,59.0,1.0,64.0,1078.0
2023-12-26,63.0,1014,59.2,1.0,64.0,1074.0
2023-12-27,60.0,1030,58.3,3.0,63.0,1069.0
2023-12-28,57.0,1021,58.8,3.0,63.0,1062.0
2023-12-30,70.0,1003,59.8,3.0,62.0,1057.0
2024-01-01,69.0,1062,56.5,3.0,61.0,1045.0
2024-01-02,54.0,1045,57.4,5.0,61.0,1039.0
2024-01-04,62.0,1099,54.6,5.0,61.0,1029.0
2024-01-05,60.0,1056,56.8,4.0,60.0,1026.0
2024-01-06,63.0,1106,54.2,3.0,61.0,1027.0
2024-01-07,66.0,1107,54.2,3.0,61.0,1031.0
2024-01-08,63.0,1107,54.2,6.0,61.0,1035.0
2024-01-09,83.0,1131,53.1,4.0,60.0,1043.0
2024-01-10,68.0,1024,58.6,5.0,60.0,1044.0
2024-01-11,70.0,986,60.9,4.0,61.0,1044.0
2024-01-12,62.0,1023,58.7,5.0,61.0,1042.0
2024-01-13,63.0,1090,55.0,4.0,61.0,1040.0
2024-01-14,56.0,1030,58.3,4.0,61.0,1045.0
2024-01-15,75.0,1133,53.0,3.0,61.0,1048.0
2024-01-16,79.0,1114,53.9,5.0,62.0,1052.0
2024-01-17,64.0,1052,57.0,4.0,63.0,1055.0
2024-01-18,56.0,991,60.5,2.0,62.0,1055.0
2024-01-19,47.0,944,63.6,2.0,62.0,1056.0
2024-01-20,56.0,965,62.2,1.0,62.0,1056.0
2024-01-21,61.0,1061,56.6,5.0,62.0,1052.0
2024-01-22,69.0,1062,56.5,5.0,62.0,1053.0
2024-01-23,68.0,1066,56.3,5.0,63.0,1055.0
2024-01-24,70.0,1156,51.9,6.0,63.0,1057.0
2024-01-25,77.0,1131,53.1,6.0,64.0,1058.0
2024-01-26,68.0,1119,53.6,5.0,65.0,1063.0
2024-01-27,57.0,1029,58.3,3.0,65.0,1073.0
2024-01-28,59.0,1047,57.3,3.0,64.0,1074.0
2024-01-29,57.0,1045,57.4,3.0,64.0,1073.0
2024-01-30,78.0,1115,53.8,6.0,64.0,1072.0
2024-01-31,73.0,1151,52.1,6.0,65.0,1075.0
2024-02-01,106.0,1159,51.8,5.0,65.0,1078.0
2024-02-02,67.0,1114,53.9,4.0,66.0,1080.0
2024-02-03,68.0,1114,53.9,3.0,66.0,1083.0
2024-02-04,64.0,1102,54.4,3.0,66.0,1083.0
2024-02-05,70.0,1022,58.7,4.0,66.0,1083.0
2024-02-06,70.0,1064,56.4,4.0,66.0,1080.0
2024-02-07,73.0,1071,56.0,4.0,66.0,1077.0
2024-02-08,84.0,1150,52.2,5.0,67.0,1079.0
2024-02-10,66.0,1138,52.7,4.0,67.0,1088.0
2024-02-11,74.0,1053,57.0,1.0,67.0,1094.0
2024-02-12,59.0,1071,56.0,4.0,67.0,1095.0
2024-02-13,77.0,1127,53.2,4.0,67.0,1092.0
2024-02-14,65.0,1036,57.9,4.0,67.0,1092.0
2024-02-15,83.0,1101,54.5,5.0,67.0,1092.0
2024-02-16,94.0,1117,53.7,5.0,68.0,1092.0
2024-02-17,73.0,1138,52.7,3.0,68.0,1093.0
2024-02-18,70.0,1121,53.5,5.0,69.0,1095.0
2024-02-19,60.0,978,61.3,2.0,69.0,1097.0
2024-02-20,63.0,1036,57.9,2.0,69.0,1098.0
2024-02-21,70.0,1107,54.2,4.0,68.0,1097.0
2024-02-22,69.0,1102,54.4,4.0,68.0,1095.0
2024-02-23,70.0,1063,56.4,4.0,68.0,1094.0
2024-02-24,73.0,1158,51.8,5.0,68.0,1092.0
2024-02-25,57.0,1027,58.4,1.0,69.0,1097.0
2024-02-26,66.0,1040,57.7,2.0,69.0,1096.0
2024-02-27,76.0,1146,52.4,6.0,69.0,1096.0
2024-02-28,79.0,1149,52.2,5.0,69.0,1097.0
2024-02-29,72.0,1135,52.9,5.0,69.0,1097.0
2024-03-01,73.0,1083,55.4,6.0,69.0,1096.0
2024-03-02,63.0,1046,57.4,1.0,69.0,1095.0
2024-03-03,44.0,935,64.2,2.0,69.0,1092.0
2024-03-04,57.0,952,63.0,2.0,70.0,1092.0
2024-03-05,88.0,1067,56.2,5.0,69.0,1095.0
2024-03-06,66.0,1121,53.5,5.0,70.0,1095.0
2024-03-07,62.0,1084,55.4,5.0,69.0,1097.0
2024-03-08,73.0,1130,53.1,5.0,68.0,1094.0
2024-03-09,71.0,1190,50.4,5.0,69.0,1096.0
2024-03-10,66.0,1163,51.6,6.0,69.0,1098.0
2024-03-11,70.0,1140,52.6,4.0,69.0,1102.0
2024-03-12,85.0,1196,50.2,3.0,69.0,1105.0
2024-03-13,70.0,1149,52.2,4.0,69.0,1108.0
2024-03-14,54.0,1019,58.9,1.0,69.0,1112.0
2024-03-15,67.0,1076,55.8,3.0,68.0,1109.0
2024-03-16,73.0,1175,51.1,3.0,68.0,1107.0
2024-03-17,82.0,1107,54.2,4.0,68.0,1109.0
2024-03-18,71.0,1138,52.7,5.0,68.0,1108.0
2024-03-19,77.0,1195,50.2,6.0,69.0,1110.0
2024-03-20,79.0,1172,51.2,4.0,69.0,1116.0
2024-03-21,71.0,1067,56.2,4.0,69.0,1118.0
2024-03-22,68.0,1156,51.9,4.0,70.0,1117.0
2024-03-23,56.0,979,61.3,1.0,71.0,1120.0
2024-03-24,67.0,1058,56.7,1.0,69.0,1119.0
2024-03-25,67.0,1084,55.4,3.0,69.0,1120.0
2024-03-26,75.0,1207,49.7,5.0,69.0,1122.0
2024-03-27,78.0,1183,50.7,5.0,69.0,1124.0
2024-03-28,76.0,1190,50.4,4.0,69.0,1126.0
2024-03-29,70.0,1181,50.8,6.0,69.0,1128.0
2024-03-30,70.0,1209,49.6,3.0,69.0,1132.0
2024-03-31,73.0,1125,53.3,4.0,69.0,1138.0
2024-04-01,67.0,1128,53.2,5.0,70.0,1143.0
2024-04-02,66.0,1077,55.7,4.0,71.0,1142.0
2024-04-03,66.0,1133,53.0,3.0,71.0,1142.0
2024-04-04,59.0,992,60.5,1.0,71.0,1143.0
2024-04-05,75.0,1092,54.9,3.0,71.0,1145.0
2024-04-07,81.0,1131,53.1,5.0,71.0,1142.0
2024-04-08,61.0,1039,57.7,2.0,72.0,1140.0
2024-04-09,84.0,1130,53.1,4.0,71.0,1136.0
2024-04-10,71.0,1080,55.6,3.0,71.0,1133.0
2024-04-11,54.0,817,73.4,2.0,71.0,1131.0
2024-04-12,54.0,1031,58.2,2.0,71.0,1131.0
2024-04-13,64.0,991,60.5,2.0,72.0,1129.0
2024-04-14,54.0,1066,56.3,2.0,72.0,1121.0
2024-04-15,84.0,1183,50.7,5.0,71.0,1119.0
2024-04-16,89.0,1193,50.3,5.0,71.0,1121.0
2024-04-17,74.0,1137,52.8,5.0,70.0,1121.0
2024-04-18,59.0,1014,59.2,2.0,70.0,1120.0
2024-04-19,74.0,1186,50.6,5.0,69.0,1117.0
2024-04-20,70.0,1129,53.1,3.0,68.0,1114.0
2024-04-21,66.0,1044,57.5,4.0,69.0,1114.0
2024-04-22,77.0,1158,51.8,5.0,69.0,1114.0
2024-04-23,77.0,1128,53.2,3.0,69.0,1117.0
2024-04-24,73.0,1043,57.5,4.0,69.0,1113.0
2024-04-26,67.0,1073,55.9,3.0,69.0,1105.0
2024-04-27,68.0,1160,51.7,3.0,69.0,1100.0
2024-04-28,68.0,1021,58.8,1.0,69.0,1099.0
2024-04-29,78.0,1123,53.4,5.0,69.0,1094.0
2024-04-30,79.0,1190,50.4,6.0,69.0,1094.0
2024-05-02,89.0,1136,52.8,3.0,70.0,1097.0
2024-05-03,75.0,1120,53.6,3.0,70.0,1103.0
2024-05-04,78.0,1078,55.7,3.0,80.0,1142.0
2024-05-05,80.0,1036,57.9,2.0,80.0,1129.0
2024-05-06,71.0,1034,58.0,2.0,80.0,1129.0
2024-05-07,79.0,1120,53.6,5.0,79.0,1114.0
2024-05-08,76.0,1123,53.4,5.0,79.0,1105.0
2024-05-09,77.0,1157,51.9,4.0,77.0,1107.0
2024-05-10,67.0,1107,54.2,3.0,75.0,1108.0
2024-05-16,72.0,1033,58.1,2.0,73.0,1104.0
2024-05-17,81.0,1071,56.0,3.0,73.0,1105.0
2024-05-18,74.0,1132,53.0,3.0,74.0,1099.0
2024-05-19,89.0,1227,48.9,3.0,74.0,1099.0
2024-05-20,77.0,1187,50.5,4.0,75.0,1102.0
2024-05-21,78.0,1164,51.5,5.0,74.0,1104.0
2024-05-22,78.0,1172,51.2,5.0,74.0,1106.0
2024-05-23,70.0,1093,54.9,4.0,75.0,1113.0
2024-05-24,54.0,926,64.8,2.0,74.0,1112.0
2024-05-25,74.0,1103,54.4,3.0,76.0,1114.0
2024-05-26,80.0,1059,56.7,1.0,76.0,1111.0
2024-05-27,62.0,1012,59.3,2.0,77.0,1113.0
2024-05-28,71.0,1125,53.3,4.0,77.0,1107.0
2024-05-29,68.0,1069,56.1,4.0,77.0,1104.0
2024-05-30,81.0,1079,55.6,4.0,76.0,1102.0
2024-05-31,59.0,962,62.4,2.0,76.0,1099.0
2024-06-01,59.0,1045,57.4,2.0,75.0,1105.0
2024-06-02,54.0,1051,57.1,2.0,74.0,1102.0
2024-06-03,51.0,936,64.1,2.0,73.0,1103.0
2024-06-04,68.0,1075,55.8,4.0,73.0,1100.0
2024-06-05,83.0,1126,53.3,5.0,72.0,1097.0
2024-06-06,65.0,1019,58.9,4.0,72.0,1098.0
2024-06-07,72.0,1094,54.8,4.0,72.0,1091.0
2024-06-09,56.0,967,62.0,1.0,72.0,1090.0
2024-06-10,48.0,967,62.0,2.0,71.0,1085.0
2024-06-11,57.0,928,64.7,2.0,70.0,1073.0
2024-06-12,65.0,1055,56.9,4.0,69.0,1067.0
2024-06-13,61.0,1013,59.2,4.0,69.0,1067.0
2024-06-14,75.0,1083,55.4,4.0,69.0,1066.0
2024-06-15,75.0,1133,53.0,4.0,68.0,1066.0
2024-06-16,60.0,1119,53.6,4.0,68.0,1066.0
2024-06-17,75.0,1049,57.2,3.0,67.0,1068.0
2024-06-18,60.0,1092,54.9,3.0,67.0,1063.0
2024-06-19,61.0,1027,58.4,3.0,67.0,1065.0
2024-06-20,65.0,1032,58.1,3.0,66.0,1059.0
2024-06-21,63.0,1093,54.9,4.0,66.0,1057.0
2024-06-22,67.0,1065,56.3,3.0,66.0,1058.0
2024-06-23,63.0,1060,56.6,5.0,66.0,1056.0
2024-06-24,58.0,1010,59.4,4.0,65.0,1056.0
2024-06-25,78.0,1089,55.1,5.0,64.0,1056.0
2024-06-26,67.0,1025,58.5,3.0,64.0,1055.0
2024-06-27,72.0,1092,54.9,4.0,64.0,1053.0
2024-06-28,59.0,1062,56.5,3.0,64.0,1054.0
2024-06-29,62.0,1075,55.8,3.0,64.0,1058.0
2024-06-30,61.0,994,60.4,1.0,64.0,1063.0
2024-07-01,55.0,927,64.7,1.0,64.0,1060.0
2024-07-02,63.0,960,62.5,1.0,64.0,1060.0
2024-07-03,66.0,1031,58.2,1.0,64.0,1056.0
2024-07-04,50.0,935,64.2,2.0,64.0,1052.0
2024-07-05,59.0,1085,55.3,4.0,64.0,1049.0
2024-07-06,56.0,1005,59.7,2.0,64.0,1049.0
2024-07-07,62.0,1039,57.7,3.0,63.0,1047.0
2024-07-08,48.0,992,60.5,2.0,63.0,1050.0
2024-07-09,50.0,1002,59.9,2.0,63.0,1051.0
2024-07-10,68.0,1096,54.7,5.0,63.0,1053.0
2024-07-11,57.0,1056,56.8,4.0,63.0,1055.0
2024-07-12,71.0,1124,53.4,4.0,63.0,1056.0
2024-07-13,56.0,949,63.2,2.0,63.0,1058.0
2024-07-14,62.0,1046,57.4,5.0,62.0,1051.0
2024-07-16,62.0,1073,55.9,4.0,62.0,1048.0
2024-07-17,58.0,1086,55.2,6.0,62.0,1047.0
2024-07-18,46.0,945,63.5,2.0,62.0,1050.0
2024-07-19,56.0,1043,57.5,4.0,61.0,1046.0
2024-07-21,51.0,988,60.7,2.0,61.0,1043.0
2024-07-31,69.0,1067,56.2,4.0,57.0,1029.0
2024-08-01,75.0,1092,54.9,4.0,56.0,1031.0
2024-08-02,60.0,1084,55.4,5.0,57.0,1040.0
2024-08-03,56.0,998,60.1,1.0,57.0,1040.0
2024-08-04,63.0,1009,59.5,3.0,57.0,1040.0
2024-08-05,55.0,1028,58.4,5.0,57.0,1038.0
2024-08-07,68.0,1093,54.9,5.0,59.0,1043.0
2024-08-08,62.0,1005,59.7,3.0,60.0,1043.0
2024-08-09,59.0,1075,55.8,3.0,61.0,1039.0
2024-08-10,59.0,1040,57.7,3.0,60.0,1036.0
2024-08-11,64.0,1069,56.1,5.0,60.0,1042.0
2024-08-12,57.0,1058,56.7,5.0,60.0,1050.0
2024-08-13,55.0,944,63.6,2.0,60.0,1051.0
2024-08-14,64.0,1079,55.6,5.0,59.0,1049.0
2024-08-15,62.0,1093,54.9,5.0,60.0,1049.0
2024-08-16,64.0,1119,53.6,6.0,60.0,1051.0
2024-08-17,67.0,1111,54.0,6.0,61.0,1056.0
2024-08-18,57.0,1020,58.8,1.0,62.0,1059.0
2024-08-19,62.0,1043,57.5,4.0,61.0,1061.0
2024-08-20,77.0,1115,53.8,3.0,61.0,1060.0
2024-08-24,64.0,1089,55.1,6.0,61.0,1063.0
2024-08-25,61.0,1109,54.1,5.0,61.0,1064.0
2024-08-26,52.0,1095,54.8,4.0,61.0,1066.0
2024-08-27,61.0,1124,53.4,3.0,61.0,1068.0
2024-08-28,64.0,1113,53.9,5.0,61.0,1070.0
2024-08-29,66.0,1146,52.4,3.0,61.0,1072.0
2024-08-30,68.0,1102,54.4,5.0,61.0,1075.0
2024-08-31,74.0,1125,53.3,4.0,62.0,1075.0
2024-09-01,72.0,1136,52.8,5.0,62.0,1081.0
2024-09-02,68.0,1080,55.6,5.0,62.0,1086.0
2024-09-03,68.0,1045,57.4,5.0,63.0,1089.0
2024-09-04,64.0,1128,53.2,4.0,63.0,1090.0
2024-09-05,82.0,1136,52.8,5.0,63.0,1092.0
2024-09-06,92.0,1129,53.1,5.0,64.0,1094.0
2024-09-07,53.0,992,60.5,1.0,63.0,1096.0
2024-09-09,73.0,1197,50.1,6.0,64.0,1100.0
2024-09-10,82.0,1137,52.8,6.0,64.0,1106.0
2024-09-11,66.0,1080,55.6,5.0,66.0,1103.0
2024-09-12,47.0,1029,58.3,2.0,66.0,1103.0
2024-09-13,57.0,1054,56.9,2.0,67.0,1101.0
2024-09-14,56.0,947,63.4,2.0,66.0,1098.0
2024-09-15,51.0,1087,55.2,4.0,66.0,1101.0
2024-09-16,69.0,1100,54.5,5.0,66.0,1105.0
2024-09-17,67.0,1016,59.1,1.0,66.0,1107.0
2024-09-18,47.0,919,65.3,2.0,65.0,1103.0
2024-09-19,70.0,1009,59.5,1.0,65.0,1103.0
2024-09-20,53.0,981,61.2,1.0,66.0,1099.0
2024-09-21,55.0,951,63.1,1.0,65.0,1094.0
2024-09-22,57.0,1007,59.6,1.0,65.0,1090.0
2024-09-23,61.0,1000,60.0,3.0,65.0,1085.0
2024-09-24,69.0,1030,58.3,3.0,65.0,1081.0
2024-09-25,49.0,901,66.6,1.0,65.0,1077.0
2024-09-27,63.0,1070,56.1,4.0,65.0,1067.0
2024-09-28,72.0,1085,55.3,5.0,64.0,1055.0
2024-09-30,72.0,1164,51.5,6.0,61.0,1050.0
2024-10-01,73.0,1116,53.8,5.0,61.0,1054.0
2024-10-02,77.0,1157,51.9,3.0,61.0,1057.0
2024-10-03,60.0,1019,58.9,5.0,62.0,1058.0
2024-10-04,57.0,1029,58.3,3.0,62.0,1053.0
2024-10-05,66.0,1086,55.2,3.0,61.0,1048.0
2024-10-06,58.0,1026,58.5,5.0,62.0,1052.0
2024-10-07,59.0,1000,60.0,1.0,62.0,1051.0
2024-10-08,67.0,1128,53.2,4.0,61.0,1049.0
2024-10-09,66.0,1065,56.3,5.0,61.0,1049.0
2024-10-11,69.0,1161,51.7,3.0,61.0,1049.0
2024-10-12,58.0,1022,58.7,5.0,62.0,1054.0
2024-10-13,60.0,1025,58.5,4.0,63.0,1057.0
2024-10-14,59.0,1071,56.0,5.0,64.0,1054.0
2024-10-16,67.0,1118,53.7,5.0,64.0,1055.0
2024-10-17,59.0,1012,59.3,4.0,64.0,1057.0
2024-10-18,73.0,1122,53.5,5.0,63.0,1058.0
2024-10-19,81.0,1152,52.1,5.0,64.0,1064.0
2024-10-20,70.0,1133,53.0,6.0,65.0,1072.0
2024-10-21,66.0,1035,58.0,5.0,65.0,1078.0
2024-10-22,65.0,1134,52.9,3.0,65.0,1079.0
2024-10-23,72.0,1157,51.9,4.0,65.0,1084.0
2024-10-24,74.0,1106,54.2,5.0,65.0,1087.0
2024-10-25,71.0,1111,54.0,6.0,65.0,1088.0
2024-10-27,62.0,1053,57.0,3.0,66.0,1090.0
2024-10-28,74.0,1144,52.4,5.0,66.0,1088.0
2024-10-29,76.0,1143,52.5,3.0,66.0,1087.0
2024-10-30,75.0,1115,53.8,3.0,66.0,1088.0
2024-10-31,69.0,1122,53.5,5.0,66.0,1087.0
2024-11-01,70.0,1064,56.4,3.0,66.0,1091.0
2024-11-02,73.0,1160,51.7,4.0,67.0,1092.0
2024-11-03,75.0,1167,51.4,5.0,67.0,1095.0
2024-11-04,73.0,1144,52.4,5.0,68.0,1101.0
2024-11-05,66.0,1103,54.4,5.0,68.0,1107.0
2024-11-06,73.0,1078,55.7,4.0,68.0,1106.0
2024-11-07,72.0,1132,53.0,5.0,69.0,1106.0
2024-11-08,62.0,1028,58.4,1.0,69.0,1107.0
2024-11-09,74.0,1178,50.9,3.0,69.0,1106.0
2024-11-10,73.0,1170,51.3,5.0,69.0,1112.0
2024-11-11,64.0,1104,54.3,3.0,71.0,1118.0
2024-11-12,62.0,1128,53.2,4.0,71.0,1123.0
2024-11-13,54.0,1008,59.5,2.0,70.0,1127.0
2024-11-14,57.0,1084,55.4,2.0,70.0,1123.0
2024-11-15,67.0,1120,53.6,3.0,70.0,1125.0
2024-11-16,70.0,1110,54.1,5.0,70.0,1125.0
2024-11-17,61.0,1036,57.9,1.0,70.0,1123.0
2024-11-18,45.0,894,67.1,2.0,70.0,1119.0
2024-11-19,72.0,1121,53.5,5.0,70.0,1119.0
2024-11-20,63.0,1073,55.9,4.0,70.0,1119.0
2024-11-21,55.0,976,61.5,1.0,70.0,1115.0
2024-11-22,60.0,1118,53.7,4.0,69.0,1112.0
2024-11-23,60.0,1059,56.7,2.0,68.0,1112.0
2024-11-24,41.0,928,64.7,1.0,68.0,1110.0
2024-11-25,55.0,1034,58.0,2.0,68.0,1108.0
2024-11-26,68.0,1091,55.0,4.0,67.0,1104.0
2024-11-27,73.0,1105,54.3,6.0,66.0,1102.0
2024-11-28,70.0,1146,52.4,5.0,66.0,1101.0
2024-11-29,58.0,1114,53.9,4.0,66.0,1102.0
2024-11-30,57.0,981,61.2,1.0,66.0,1104.0
2024-12-01,71.0,1096,54.7,5.0,65.0,1097.0
2024-12-02,73.0,1140,52.6,5.0,65.0,1094.0
2024-12-03,60.0,1009,59.5,1.0,65.0,1094.0
2024-12-04,56.0,1050,57.1,3.0,65.0,1091.0
2024-12-05,54.0,1044,57.5,3.0,64.0,1089.0
2024-12-06,61.0,1029,58.3,4.0,63.0,1086.0
2024-12-07,57.0,1017,59.0,2.0,63.0,1086.0
2024-12-08,67.0,1084,55.4,3.0,63.0,1086.0
2024-12-09,73.0,1142,52.5,5.0,63.0,1076.0
2024-12-10,71.0,1107,54.2,5.0,63.0,1078.0
2024-12-11,72.0,1094,54.8,5.0,63.0,1077.0
2024-12-12,67.0,1049,57.2,3.0,64.0,1080.0
2024-12-13,56.0,981,61.2,2.0,64.0,1079.0
2024-12-14,67.0,1102,54.4,5.0,64.0,1073.0
2024-12-15,57.0,1007,59.6,1.0,64.0,1069.0
2024-12-16,59.0,1003,59.8,2.0,64.0,1068.0
2024-12-17,71.0,1122,53.5,5.0,63.0,1066.0
2024-12-18,82.0,1197,50.1,6.0,63.0,1066.0
2024-12-19,70.0,1126,53.3,4.0,63.0,1065.0
2024-12-20,70.0,1089,55.1,3.0,64.0,1071.0
2024-12-21,50.0,970,61.9,2.0,64.0,1070.0
2024-12-22,52.0,1139,52.7,5.0,65.0,1067.0
2024-12-23,75.0,1183,50.7,3.0,64.0,1069.0
2024-12-24,71.0,1173,51.2,4.0,65.0,1071.0
2024-12-25,59.0,1021,58.8,3.0,65.0,1074.0
2024-12-26,67.0,1170,51.3,5.0,64.0,1075.0
2024-12-27,75.0,1097,54.7,3.0,64.0,1080.0
2024-12-28,72.0,1129,53.1,5.0,65.0,1079.0
2024-12-29,71.0,1164,51.5,5.0,66.0,1085.0
2024-12-30,65.0,1096,54.7,5.0,66.0,1087.0
2024-12-31,62.0,1083,55.4,5.0,66.0,1086.0
2025-01-01,58.0,1053,57.0,3.0,66.0,1088.0
2025-01-02,72.0,1131,53.1,5.0,66.0,1088.0
2025-01-03,55.0,914,65.6,2.0,67.0,1091.0
2025-01-04,80.0,1137,52.8,5.0,66.0,1094.0
2025-01-05,67.0,1141,52.6,3.0,67.0,1098.0
2025-01-06,63.0,1099,54.6,5.0,67.0,1105.0
2025-01-07,66.0,1117,53.7,5.0,67.0,1108.0
2025-01-08,77.0,1128,53.2,3.0,67.0,1109.0
2025-01-09,73.0,1156,51.9,4.0,67.0,1110.0
2025-01-10,88.0,1150,52.2,4.0,67.0,1115.0
2025-01-11,71.0,1212,49.5,3.0,67.0,1120.0
2025-01-12,82.0,1175,51.1,5.0,67.0,1125.0
2025-01-13,73.0,1138,52.7,4.0,68.0,1132.0
2025-01-14,61.0,1047,57.3,2.0,70.0,1136.0
2025-01-15,62.0,1048,57.3,1.0,69.0,1133.0
2025-01-16,70.0,1126,53.3,4.0,69.0,1127.0
2025-01-17,76.0,1159,51.8,6.0,69.0,1127.0
2025-01-19,74.0,1138,52.7,3.0,70.0,1130.0
2025-01-20,70.0,1058,56.7,4.0,70.0,1130.0
2025-01-21,68.0,1086,55.2,3.0,70.0,1125.0
2025-01-22,78.0,1136,52.8,4.0,70.0,1122.0
2025-01-23,55.0,960,62.5,1.0,71.0,1118.0
2025-01-24,75.0,1108,54.2,3.0,70.0,1116.0
2025-01-25,71.0,1073,55.9,3.0,70.0,1117.0
2025-01-26,70.0,1051,57.1,4.0,70.0,1114.0
2025-01-27,64.0,1028,58.4,2.0,70.0,1110.0
2025-01-28,67.0,1109,54.1,5.0,70.0,1107.0
2025-01-29,66.0,1092,54.9,4.0,70.0,1108.0
2025-01-30,58.0,1031,58.2,2.0,71.0,1110.0
2025-01-31,74.0,1132,53.0,5.0,70.0,1105.0
2025-02-02,68.0,1103,54.4,5.0,69.0,1105.0
2025-02-03,58.0,1014,59.2,2.0,69.0,1104.0
2025-02-04,67.0,1075,55.8,4.0,69.0,1104.0
2025-02-05,72.0,1104,54.3,5.0,69.0,1102.0
2025-02-06,67.0,1081,55.5,4.0,69.0,1101.0
2025-02-07,70.0,1140,52.6,5.0,69.0,1094.0
2025-02-08,78.0,1086,55.2,3.0,69.0,1094.0
2025-02-09,77.0,1152,52.1,5.0,70.0,1094.0
2025-02-10,68.0,1107,54.2,5.0,70.0,1093.0
2025-02-11,68.0,992,60.5,1.0,70.0,1091.0
2025-02-12,57.0,991,60.5,2.0,70.0,1093.0
2025-02-13,89.0,1183,50.7,6.0,70.0,1095.0
2025-02-14,76.0,1155,51.9,4.0,70.0,1098.0
2025-02-15,77.0,1157,51.9,4.0,70.0,1097.0
2025-02-16,73.0,1053,57.0,3.0,70.0,1100.0
2025-02-17,56.0,1044,57.5,2.0,70.0,1096.0
2025-02-18,69.0,1108,54.2,4.0,69.0,1096.0
2025-02-19,55.0,1018,58.9,2.0,70.0,1097.0
2025-02-20,59.0,994,60.4,1.0,69.0,1092.0
2025-02-21,62.0,1099,54.6,5.0,69.0,1092.0
2025-02-22,65.0,1137,52.8,5.0,68.0,1091.0
2025-02-23,63.0,1065,56.3,1.0,68.0,1094.0
2025-02-24,72.0,1079,55.6,4.0,68.0,1095.0
2025-02-25,66.0,1005,59.7,1.0,68.0,1097.0
2025-02-27,58.0,962,62.4,1.0,68.0,1093.0
2025-02-28,62.0,1020,58.8,2.0,68.0,1091.0
2025-03-01,76.0,1119,53.6,3.0,67.0,1078.0
2025-03-02,58.0,977,61.4,1.0,67.0,1080.0
2025-03-03,61.0,1027,58.4,3.0,67.0,1075.0
2025-03-04,68.0,1096,54.7,3.0,67.0,1071.0
2025-03-05,71.0,1140,52.6,4.0,67.0,1072.0
2025-03-06,70.0,1158,51.8,4.0,67.0,1074.0
2025-03-07,73.0,1137,52.8,4.0,67.0,1076.0
2025-03-08,78.0,1119,53.6,5.0,67.0,1076.0
2025-03-09,71.0,1097,54.7,4.0,67.0,1078.0
2025-03-10,39.0,634,94.6,1.0,67.0,1076.0
2025-03-11,62.0,968,62.0,3.0,67.0,1074.0
2025-03-12,58.0,913,65.7,1.0,66.0,1073.0
2025-03-13,68.0,1008,59.5,1.0,66.0,1077.0
2025-03-14,72.0,1045,57.4,5.0,66.0,1070.0
2025-03-15,80.0,1056,56.8,3.0,66.0,1065.0
2025-03-16,64.0,979,61.3,1.0,66.0,1061.0
2025-03-17,53.0,896,67.0,2.0,65.0,1058.0
2025-03-18,47.0,838,71.6,2.0,65.0,1059.0
2025-03-19,65.0,984,61.0,1.0,65.0,1051.0
2025-03-20,77.0,1079,55.6,5.0,66.0,1049.0
2025-03-22,73.0,1041,57.6,5.0,67.0,1051.0
2025-03-23,71.0,1052,57.0,5.0,68.0,1047.0
2025-03-24,66.0,989,60.7,3.0,68.0,1046.0
2025-03-25,79.0,1110,54.1,5.0,68.0,1042.0
2025-03-26,71.0,1011,59.3,3.0,69.0,1047.0
2025-03-27,76.0,1009,59.5,3.0,69.0,1045.0
2025-03-28,69.0,844,71.1,2.0,70.0,1047.0
2025-03-29,68.0,1023,58.7,3.0,70.0,1042.0
2025-03-30,61.0,1013,59.2,4.0,70.0,1038.0
2025-03-31,62.0,1030,58.3,3.0,70.0,1040.0
2025-04-01,64.0,1040,57.7,4.0,70.0,1040.0
2025-04-02,62.0,1053,57.0,5.0,70.0,1037.0
2025-04-03,56.0,1053,57.0,4.0,69.0,1034.0
2025-04-04,65.0,966,62.1,3.0,69.0,1029.0
2025-04-05,55.0,1005,59.7,3.0,68.0,1022.0
2025-04-06,54.0,917,65.4,2.0,67.0,1018.0
2025-04-07,62.0,955,62.8,4.0,67.0,1010.0
2025-04-08,60.0,1019,58.9,5.0,66.0,1012.0
2025-04-09,64.0,1084,55.4,5.0,65.0,1015.0
2025-04-10,68.0,1083,55.4,5.0,65.0,1022.0
2025-04-11,53.0,1029,58.3,1.0,65.0,1025.0
2025-04-14,49.0,929,64.6,2.0,64.0,1025.0
2025-04-15,74.0,1008,59.5,3.0,65.0,1025.0
2025-04-16,72.0,1036,57.9,5.0,65.0,1029.0
2025-04-17,53.0,956,62.8,2.0,65.0,1031.0
2025-04-18,53.0,942,63.7,1.0,64.0,1026.0
2025-04-19,68.0,955,62.8,2.0,64.0,1022.0
2025-04-20,39.0,747,80.3,1.0,64.0,1018.0
2025-04-21,73.0,1059,56.7,6.0,63.0,1013.0
2025-04-22,80.0,1069,56.1,6.0,64.0,1008.0
2025-04-23,92.0,1122,53.5,5.0,64.0,1010.0
2025-04-24,53.0,913,65.7,2.0,63.0,1010.0
2025-04-25,73.0,971,61.8,5.0,62.0,1006.0
2025-04-27,35.0,727,82.5,2.0,62.0,1004.0
2025-04-28,50.0,909,66.0,1.0,62.0,1003.0
2025-04-29,65.0,971,61.8,4.0,62.0,998.0
2025-04-30,58.0,1020,58.8,3.0,62.0,995.0
2025-05-01,62.0,1015,59.1,3.0,62.0,993.0
2025-05-02,67.0,1033,58.1,4.0,62.0,991.0
2025-05-04,52.0,957,62.7,4.0,61.0,1000.0
2025-05-05,68.0,1048,57.3,5.0,61.0,1002.0
2025-05-06,59.0,977,61.4,3.0,62.0,1006.0
2025-05-07,75.0,1020,58.8,6.0,62.0,1004.0
2025-05-08,56.0,1007,59.6,5.0,62.0,1001.0
2025-05-09,71.0,994,60.4,4.0,61.0,998.0
2025-05-11,66.0,1050,57.1,6.0,62.0,996.0
2025-05-12,74.0,1066,56.3,4.0,69.0,1022.0
2025-05-13,78.0,1067,56.2,5.0,70.0,1037.0
2025-05-14,68.0,1023,58.7,4.0,65.0,1011.0
2025-05-15,60.0,1015,59.1,2.0,70.0,1032.0
2025-05-16,58.0,1004,59.8,2.0,70.0,1030.0
2025-05-17,50.0,878,68.3,1.0,69.0,1027.0
2025-05-18,67.0,999,60.1,5.0,67.0,1027.0
2025-05-19,53.0,1026,58.5,4.0,67.0,1025.0
2025-05-20,71.0,1006,59.6,5.0,66.0,1025.0
2025-05-21,66.0,1034,58.0,4.0,66.0,1023.0
2025-05-22,60.0,983,61.0,4.0,66.0,1024.0
2025-05-23,78.0,1065,56.3,6.0,66.0,1021.0
2025-05-24,68.0,1044,57.5,6.0,67.0,1024.0
2025-05-26,56.0,1047,57.3,3.0,67.0,1025.0
2025-05-27,55.0,1024,58.6,3.0,66.0,1026.0
2025-05-28,82.0,1086,55.2,4.0,66.0,1026.0
2025-05-29,67.0,1052,57.0,3.0,66.0,1029.0
2025-05-30,72.0,1010,59.4,3.0,66.0,1031.0
2025-05-31,63.0,1052,57.0,5.0,66.0,1030.0
2025-06-01,64.0,1028,58.4,3.0,66.0,1031.0
2025-06-02,55.0,990,60.6,2.0,66.0,1031.0
2025-06-03,72.0,1045,57.4,3.0,65.0,1029.0
2025-06-04,74.0,1030,58.3,6.0,65.0,1029.0
2025-06-05,81.0,1114,53.9,6.0,65.0,1030.0
2025-06-06,56.0,937,64.0,2.0,65.0,1031.0
2025-06-07,66.0,1045,57.4,4.0,65.0,1032.0
2025-06-08,51.0,928,64.7,2.0,65.0,1033.0
2025-06-09,74.0,1046,57.4,3.0,64.0,1036.0
2025-06-10,56.0,1013,59.2,4.0,64.0,1035.0
2025-06-11,60.0,999,60.1,4.0,63.0,1033.0
2025-06-12,70.0,1046,57.4,5.0,63.0,1032.0
2025-06-13,59.0,1017,59.0,5.0,63.0,1033.0
2025-06-14,71.0,1073,55.9,3.0,63.0,1033.0
2025-06-15,77.0,1061,56.6,6.0,64.0,1032.0
2025-06-16,70.0,1007,59.6,3.0,65.0,1034.0
2025-06-17,62.0,1038,57.8,5.0,65.0,1033.0
2025-06-18,73.0,1045,57.4,4.0,65.0,1035.0
2025-06-19,81.0,1054,56.9,5.0,65.0,1035.0
2025-06-20,65.0,1057,56.8,5.0,65.0,1038.0
2025-06-21,74.0,1069,56.1,4.0,65.0,1038.0
2025-06-22,71.0,1087,55.2,5.0,65.0,1039.0
2025-06-23,59.0,1036,57.9,4.0,65.0,1041.0
2025-06-24,79.0,1099,54.6,5.0,65.0,1043.0
2025-06-25,70.0,1011,59.3,3.0,66.0,1046.0
2025-06-26,75.0,1104,54.3,6.0,68.0,1043.0
2025-06-27,66.0,1012,59.3,4.0,68.0,1045.0
2025-06-28,62.0,997,60.2,4.0,68.0,1045.0
2025-06-29,51.0,812,73.9,1.0,68.0,1043.0
2025-06-30,66.0,1099,54.6,4.0,68.0,1044.0
2025-07-01,54.0,844,71.1,2.0,69.0,1048.0
2025-07-02,63.0,1017,59.0,4.0,69.0,1044.0
2025-07-03,55.0,1009,59.5,4.0,68.0,1043.0
2025-07-04,66.0,1002,59.9,4.0,67.0,1039.0
2025-07-07,56.0,1051,57.1,4.0,67.0,1042.0
2025-07-08,63.0,953,63.0,1.0,66.0,1042.0
2025-07-09,77.0,1082,55.5,4.0,66.0,1043.0
2025-07-10,80.0,1064,56.4,5.0,67.0,1047.0
2025-07-11,68.0,1077,55.7,5.0,67.0,1047.0
2025-07-12,45.0,732,82.0,1.0,68.0,1050.0
2025-07-13,50.0,970,61.9,2.0,68.0,1045.0
2025-07-14,79.0,1051,57.1,4.0,68.0,1041.0
2025-07-15,62.0,1048,57.3,3.0,68.0,1043.0
2025-07-16,73.0,1066,56.3,4.0,68.0,1043.0
2025-07-17,53.0,1015,59.1,4.0,68.0,1044.0
2025-07-18,48.0,908,66.1,2.0,67.0,1042.0
2025-07-19,54.0,886,67.7,2.0,66.0,1036.0
2025-07-21,74.0,1097,54.7,5.0,64.0,1025.0
2025-07-22,67.0,1019,58.9,3.0,64.0,1028.0
2025-07-23,65.0,1069,56.1,3.0,63.0,1024.0
2025-07-24,67.0,993,60.4,4.0,63.0,1027.0
2025-07-25,63.0,1051,57.1,4.0,63.0,1022.0
2025-07-26,80.0,1063,56.4,4.0,62.0,1024.0
2025-07-27,67.0,1113,53.9,5.0,63.0,1027.0
2025-07-28,61.0,1046,57.4,5.0,64.0,1037.0
2025-07-29,62.0,1006,59.6,1.0,64.0,1035.0
2025-07-30,66.0,1059,56.7,4.0,64.0,1039.0
2025-07-31,72.0,1071,56.0,5.0,64.0,1041.0
2025-08-01,55.0,982,61.1,4.0,65.0,1044.0
2025-08-02,54.0,892,67.3,1.0,65.0,1043.0
2025-08-04,71.0,1069,56.1,6.0,65.0,1037.0
2025-08-05,71.0,1089,55.1,4.0,65.0,1038.0
2025-08-06,58.0,934,64.2,2.0,66.0,1044.0
2025-08-07,43.0,770,77.9,1.0,66.0,1037.0
2025-08-08,70.0,995,60.3,5.0,65.0,1030.0
2025-08-09,62.0,1054,56.9,4.0,65.0,1026.0
2025-08-10,68.0,1098,54.6,5.0,65.0,1033.0
2025-08-11,59.0,1048,57.3,3.0,66.0,1039.0
2025-08-12,63.0,1066,56.3,4.0,65.0,1039.0
2025-08-13,73.0,1121,53.5,3.0,64.0,1040.0
2025-08-15,72.0,1014,59.2,4.0,65.0,1043.0
2025-08-16,67.0,1074,55.9,5.0,65.0,1048.0
2025-08-17,61.0,1018,58.9,3.0,66.0,1054.0
2025-08-18,55.0,978,61.3,1.0,66.0,1053.0
2025-08-20,66.0,1029,58.3,4.0,65.0,1049.0
2025-08-21,61.0,1066,56.3,3.0,65.0,1047.0
2025-08-22,59.0,1103,54.4,5.0,65.0,1050.0
2025-08-23,62.0,1015,59.1,3.0,65.0,1053.0
2025-08-24,57.0,1043,57.5,3.0,64.0,1051.0
2025-08-25,55.0,1052,57.0,4.0,64.0,1047.0
2025-08-26,62.0,1076,55.8,4.0,63.0,1048.0
2025-08-27,68.0,1052,57.0,3.0,63.0,1051.0
2025-08-28,63.0,1027,58.4,3.0,63.0,1051.0
2025-08-29,64.0,1039,57.7,4.0,63.0,1049.0
2025-08-30,71.0,1076,55.8,5.0,63.0,1051.0
2025-08-31,60.0,1012,59.3,3.0,64.0,1052.0
2025-09-01,55.0,1028,58.4,4.0,64.0,1051.0
2025-09-02,57.0,1022,58.7,3.0,63.0,1049.0
2025-09-03,55.0,1037,57.9,4.0,63.0,1046.0
2025-09-04,58.0,1012,59.3,3.0,62.0,1046.0
2025-09-05,65.0,1104,54.3,6.0,62.0,1044.0
2025-09-06,53.0,987,60.8,1.0,61.0,1046.0
2025-09-07,62.0,1044,57.5,4.0,61.0,1046.0
2025-09-08,62.0,1093,54.9,3.0,60.0,1044.0
2025-09-09,68.0,1001,59.9,3.0,60.0,1043.0
2025-09-10,59.0,1012,59.3,3.0,61.0,1040.0
2025-09-11,63.0,1010,59.4,5.0,61.0,1039.0
2025-09-12,54.0,1010,59.4,2.0,61.0,1038.0
2025-09-13,42.0,871,68.9,2.0,61.0,1038.0
2025-09-14,51.0,1021,58.8,4.0,60.0,1036.0
2025-09-15,79.0,1094,54.8,5.0,60.0,1037.0
2025-09-16,62.0,1071,56.0,4.0,60.0,1041.0
2025-09-17,59.0,1034,58.0,4.0,60.0,1042.0
2025-09-18,60.0,1079,55.6,5.0,60.0,1042.0
2025-09-19,55.0,956,62.8,1.0,60.0,1043.0
2025-09-20,63.0,1007,59.6,4.0,60.0,1040.0
2025-09-21,72.0,1054,56.9,4.0,60.0,1040.0
2025-09-22,65.0,1030,58.3,3.0,60.0,1041.0
2025-09-23,56.0,1036,57.9,3.0,61.0,1040.0
2025-09-25,51.0,1043,57.5,4.0,60.0,1038.0
2025-09-26,59.0,1044,57.5,3.0,60.0,1038.0
2025-09-27,50.0,979,61.3,2.0,59.0,1038.0
2025-09-28,55.0,1022,58.7,3.0,58.0,1035.0
2025-09-29,59.0,1049,57.2,5.0,58.0,1035.0
2025-09-30,60.0,1050,57.1,4.0,58.0,1036.0
2025-10-01,62.0,1081,55.5,5.0,59.0,1037.0
2025-10-02,60.0,1057,56.8,3.0,59.0,1039.0
2025-10-03,53.0,987,60.8,1.0,59.0,1040.0
2025-10-04,61.0,1067,56.2,5.0,58.0,1036.0
2025-10-05,45.0,849,70.7,2.0,59.0,1039.0
2025-10-06,62.0,1052,57.0,5.0,59.0,1039.0
2025-10-07,65.0,1012,59.3,4.0,59.0,1037.0
2025-10-08,67.0,1040,57.7,3.0,59.0,1038.0
2025-10-09,58.0,1062,56.5,4.0,59.0,1039.0
2025-10-10,55.0,1008,59.5,4.0,59.0,1041.0
2025-10-11,58.0,982,61.1,2.0,59.0,1041.0
2025-10-12,54.0,1021,58.8,3.0,59.0,1038.0
2025-10-13,62.0,942,63.7,1.0,59.0,1038.0
2025-10-14,53.0,1029,58.3,4.0,59.0,1036.0
2025-10-15,54.0,1000,60.0,4.0,59.0,1034.0
2025-10-16,55.0,962,62.4,1.0,59.0,1033.0
2025-10-17,47.0,907,66.2,1.0,58.0,1028.0
2025-10-18,43.0,873,68.7,1.0,58.0,1028.0
2025-10-19,45.0,921,65.1,2.0,58.0,1025.0
2025-10-20,47.0,885,67.8,5.0,45.0,900.0
2025-10-21,57.0,981,61.2,4.0,54.0,990.0
2025-10-22,50.0,935,64.2,4.0,55.0,1002.0
2025-10-23,63.0,1065,56.3,3.0,55.0,1009.0
2025-10-24,65.0,1009,59.5,4.0,56.0,1010.0
2025-10-27,54.0,990,60.6,3.0,58.0,1010.0
2025-10-28,67.0,1055,56.9,5.0,57.0,1007.0
2025-10-29,61.0,1024,58.6,4.0,58.0,1007.0
2025-10-30,51.0,971,61.8,3.0,58.0,1005.0
2025-10-31,49.0,895,67.0,1.0,57.0,1001.0
2025-11-03,65.0,960,62.5,4.0,56.0,994.0
2025-11-04,51.0,930,64.5,3.0,56.0,990.0
2025-11-05,60.0,957,62.7,3.0,55.0,986.0
2025-11-06,57.0,985,60.9,3.0,55.0,982.0
2025-11-07,48.0,904,66.4,2.0,55.0,975.0
2025-11-09,48.0,811,74.0,2.0,55.0,969.0
2025-11-10,35.0,829,72.4,1.0,54.0,963.0
2025-11-11,50.0,973,61.7,5.0,54.0,954.0
2025-11-12,61.0,970,61.9,3.0,53.0,961.0
2025-11-13,48.0,928,64.7,4.0,54.0,960.0
2025-11-14,44.0,890,67.4,2.0,54.0,958.0
2025-11-15,55.0,930,64.5,3.0,54.0,957.0
2025-11-17,58.0,1013,59.2,5.0,55.0,962.0
2025-11-18,50.0,911,65.9,3.0,55.0,968.0
2025-11-19,54.0,953,63.0,4.0,55.0,965.0
2025-11-20,53.0,954,62.9,5.0,55.0,966.0
2025-11-21,60.0,1012,59.3,5.0,55.0,960.0
2025-11-22,41.0,728,82.4,1.0,54.0,960.0
2025-11-23,37.0,785,76.4,2.0,53.0,954.0
2025-11-24,47.0,944,63.6,4.0,54.0,948.0
2025-11-25,47.0,873,68.7,2.0,54.0,945.0
2025-11-26,51.0,970,61.9,3.0,53.0,937.0
2025-11-27,55.0,1002,59.9,5.0,52.0,935.0
2025-11-28,49.0,963,62.3,5.0,52.0,936.0
2025-11-30,62.0,1004,59.8,3.0,52.0,939.0
2025-12-01,62.0,1041,57.6,4.0,52.0,948.0
2025-12-02,51.0,968,62.0,4.0,53.0,952.0
2025-12-03,54.0,1015,59.1,5.0,53.0,953.0
2025-12-04,57.0,1019,58.9,4.0,53.0,956.0
2025-12-05,53.0,965,62.2,3.0,53.0,958.0
2025-12-06,44.0,852,70.4,1.0,53.0,960.0
2025-12-07,39.0,848,70.8,2.0,53.0,956.0
2025-12-08,54.0,1009,59.5,6.0,52.0,956.0
2025-12-09,57.0,1050,57.1,5.0,53.0,963.0
2025-12-10,58.0,988,60.7,3.0,53.0,967.0
2025-12-11,57.0,1017,59.0,4.0,53.0,968.0
2025-12-12,32.0,735,81.6,1.0,54.0,971.0
2025-12-15,37.0,860,69.8,2.0,53.0,971.0
2025-12-16,49.0,929,64.6,3.0,53.0,964.0
2025-12-17,48.0,858,69.9,1.0,52.0,965.0
2025-12-18,37.0,786,76.3,1.0,52.0,961.0
2025-12-19,51.0,998,60.1,5.0,51.0,953.0
2025-12-20,53.0,914,65.6,3.0,51.0,953.0
2025-12-21,38.0,823,72.9,2.0,52.0,959.0
2025-12-22,53.0,992,60.5,3.0,52.0,959.0
2025-12-23,59.0,960,62.5,4.0,52.0,961.0
2025-12-24,49.0,898,66.8,4.0,52.0,965.0
2025-12-25,48.0,948,63.3,1.0,52.0,961.0
2025-12-26,54.0,914,65.6,3.0,52.0,959.0
2025-12-27,62.0,984,61.0,3.0,52.0,957.0
2025-12-28,41.0,822,73.0,1.0,53.0,958.0
2025-12-29,58.0,1017,59.0,5.0,52.0,950.0
2025-12-30,59.0,1019,58.9,5.0,52.0,944.0
2026-01-03,65.0,1016,59.1,3.0,50.0,938.0
2026-01-04,53.0,1048,57.3,5.0,51.0,946.0
2026-01-05,57.0,931,64.4,5.0,52.0,955.0
2026-01-06,53.0,943,63.6,5.0,52.0,952.0
2026-01-07,63.0,980,61.2,5.0,52.0,947.0
2026-01-08,63.0,1011,59.3,5.0,52.0,946.0
2026-01-13,64.0,1022,58.7,5.0,55.0,957.0
2026-01-14,57.0,1006,59.6,5.0,55.0,962.0
2026-01-15,64.0,1009,59.5,6.0,56.0,970.0
2026-01-16,38.0,664,90.4,1.0,57.0,979.0
2026-01-17,39.0,737,81.4,1.0,57.0,970.0
2026-01-19,54.0,920,65.2,1.0,57.0,973.0
2026-01-20,67.0,1006,59.6,4.0,57.0,969.0
2026-01-22,52.0,908,66.1,2.0,58.0,976.0
2026-01-23,61.0,998,60.1,4.0,58.0,974.0
2026-01-24,34.0,730,82.2,2.0,58.0,979.0
2026-01-25,41.0,821,73.1,1.0,57.0,964.0
2026-01-26,67.0,1023,58.7,5.0,57.0,964.0
2026-01-28,50.0,921,65.1,4.0,58.0,961.0
2026-01-29,52.0,925,64.9,3.0,57.0,959.0
2026-02-01,51.0,937,64.0,5.0,56.0,953.0
2026-02-02,58.0,964,62.2,6.0,55.0,940.0
2026-02-03,74.0,1104,54.3,6.0,55.0,942.0
2026-02-04,79.0,1122,53.5,6.0,55.0,958.0
2026-02-05,70.0,1130,53.1,6.0,59.0,973.0
2026-02-06,55.0,984,61.0,5.0,60.0,983.0
2026-02-07,61.0,1027,58.4,6.0,59.0,983.0
2026-02-08,67.0,1037,57.9,5.0,59.0,986.0
2026-02-09,63.0,1079,55.6,5.0,59.0,989.0
2026-02-10,67.0,1128,53.2,5.0,59.0,994.0
2026-02-11,55.0,984,61.0,4.0,59.0,1013.0
2026-02-12,70.0,1069,56.1,5.0,59.0,1011.0
2026-02-13,62.0,1039,57.7,5.0,60.0,992.0
2026-02-15,54.0,1037,57.9,5.0,61.0,1006.0
2026-02-16,70.0,1032,58.1,5.0,62.0,1046.0
2026-02-17,89.0,1187,50.5,6.0,63.0,1045.0
2026-02-18,73.0,1168,51.4,6.0,63.0,1045.0
2026-02-19,81.0,1206,49.8,6.0,63.0,1045.0
2026-02-20,64.0,1155,51.9,4.0,64.0,1053.0
2026-02-21,69.0,1180,50.8,5.0,64.0,1059.0
2026-02-22,68.0,1182,50.8,4.0,65.0,1072.0
2026-02-23,61.0,1121,53.5,5.0,65.0,1083.0
2026-02-24,69.0,1247,48.1,3.0,65.0,1107.0
2026-02-25,57.0,1133,53.0,4.0,65.0,1116.0
2026-02-26,73.0,1135,52.9,4.0,65.0,1117.0
2026-02-27,63.0,1212,49.5,5.0,65.0,1118.0
2026-02-28,57.0,1139,52.7,5.0,65.0,1123.0
2026-03-01,69.0,1073,55.9,3.0,65.0,1124.0
2026-03-02,70.0,1211,49.5,5.0,65.0,1121.0
2026-03-03,78.0,1221,49.1,6.0,65.0,1125.0
2026-03-04,59.0,1030,58.3,2.0,66.0,1155.0
2026-03-05,68.0,1107,54.2,1.0,66.0,1155.0
2026-03-06,60.0,1084,55.4,3.0,66.0,1153.0
2026-03-07,63.0,1064,56.4,4.0,66.0,1143.0
2026-03-08,68.0,1246,48.2,5.0,65.0,1140.0
2026-03-09,67.0,1216,49.3,4.0,65.0,1147.0
2026-03-10,75.0,1216,49.3,6.0,65.0,1151.0
2026-03-11,69.0,1228,48.9,3.0,65.0,1155.0
2026-03-12,80.0,1212,49.5,5.0,65.0,1159.0
2026-03-13,56.0,1064,56.4,2.0,66.0,1162.0
2026-03-14,57.0,1095,54.8,4.0,65.0,1157.0
2026-03-15,73.0,1176,51.0,4.0,65.0,1154.0
2026-03-16,67.0,1104,54.3,4.0,66.0,1150.0
2026-03-17,77.0,1174,51.1,5.0,66.0,1147.0
2026-03-18,57.0,1071,56.0,2.0,67.0,1148.0
2026-03-19,65.0,1135,52.9,3.0,67.0,1144.0
2026-03-20,67.0,1107,54.2,4.0,67.0,1144.0
2026-03-21,65.0,1097,54.7,4.0,67.0,1142.0
2026-03-22,73.0,1173,51.2,5.0,67.0,1140.0
2026-03-23,78.0,1231,48.7,5.0,67.0,1141.0
2026-03-24,73.0,1157,51.9,3.0,67.0,1150.0
2026-03-25,68.0,1154,52.0,4.0,69.0,1159.0
2026-03-26,64.0,1137,52.8,4.0,69.0,1159.0
2026-03-27,54.0,1090,55.0,2.0,68.0,1158.0
2026-03-28,67.0,1153,52.0,3.0,68.0,1154.0
2026-03-29,67.0,1167,51.4,3.0,68.0,1154.0
2026-03-30,76.0,1200,50.0,4.0,68.0,1155.0
2026-03-31,71.0,1146,52.4,4.0,69.0,1145.0
2026-04-01,73.0,1124,53.4,5.0,70.0,1145.0
2026-04-02,58.0,1080,55.6,2.0,70.0,1144.0
2026-04-03,63.0,1096,54.7,1.0,70.0,1141.0
2026-04-04,62.0,1102,54.4,1.0,69.0,1134.0
2026-04-05,49.0,1003,59.8,2.0,69.0,1132.0
2026-04-06,60.0,1071,56.0,2.0,69.0,1137.0
2026-04-07,57.0,1113,53.9,4.0,68.0,1132.0
2026-04-08,60.0,1143,52.5,4.0,67.0,1131.0
2026-04-09,64.0,1052,57.0,2.0,66.0,1132.0
2026-04-10,56.0,1045,57.4,2.0,66.0,1122.0
