night,sleep_score,continuity,efficiency,duration_score,refresh_score,solidity_score,rem_score,deep_sleep_score
2022-03-19,54.2606,10.0,34.5633,100.0,62.6304,18.1878,65.1168,60.1439
2022-03-20,60.2319,62.0,68.3895,28.1667,79.4502,68.7965,95.4494,63.451
2022-03-22,72.1521,52.0,61.0164,80.1667,82.3575,60.0055,90.7175,73.9974
2022-03-23,56.603,10.0,36.0344,100.0,70.0934,18.6781,80.6119,59.5749
2022-03-24,68.7539,46.0,45.9574,94.1667,84.2432,41.4858,87.3617,81.1246
2022-03-25,59.3391,60.0,70.2564,20.625,81.6835,70.2521,77.0154,86.3516
2022-03-26,53.9266,68.0,51.1761,14.1875,85.9676,59.0587,87.66,84.2753
2022-03-27,57.7301,73.0,65.7796,32.625,71.0406,65.5932,84.8148,57.2663
2022-03-28,82.4438,68.0,73.9366,100.0,90.835,65.1455,94.2659,87.404
2022-03-29,66.0261,50.0,58.1718,66.75,84.2553,53.3906,76.383,92.1277
2022-03-30,62.7117,42.0,43.8635,100.0,71.5592,31.9545,74.8263,68.292
2022-04-01,57.8679,28.0,39.6272,66.4583,96.5156,26.3757,94.7811,98.2502
2022-04-04,61.0759,40.0,37.4248,100.0,70.0531,29.1416,91.8761,48.2301
2022-04-05,49.854,54.0,45.5971,15.0625,79.8778,53.0324,82.8342,76.9213
2022-04-06,57.7202,10.0,37.0719,100.0,72.7349,19.524,85.7571,59.7128
2022-04-07,63.9437,48.0,46.9753,72.0,84.3155,44.9918,72.0833,96.5476
2022-04-08,52.1605,60.0,47.7903,28.1667,77.5,51.2634,84.3259,70.6742
2022-04-09,47.1163,40.0,36.1579,15.625,91.203,38.7193,98.4211,83.985
2022-04-11,68.1365,66.0,73.3151,33.7917,89.5284,76.7717,98.895,80.1618
2022-04-12,57.1011,58.0,57.3893,15.75,95.9091,58.7964,96.2238,95.5944
2022-04-13,65.4738,83.5,60.1252,68.5,72.5956,58.7084,74.2254,70.9658
2022-04-14,55.2529,56.0,67.0715,55.375,45.9745,61.3572,48.8104,43.1386
2022-04-16,66.282,88.0,77.71,20.9375,84.9444,84.07,79.8015,90.0872
2022-04-19,68.4852,58.0,56.6973,100.0,60.8495,52.5658,71.1668,50.5322
2022-04-20,59.9622,48.0,41.4453,76.9583,75.6867,38.1484,79.8751,71.4983
2022-04-21,53.7508,42.0,41.3636,76.6667,61.7792,33.1212,86.0909,37.4675
2022-04-22,77.2045,64.0,62.0513,96.7917,81.3985,61.3504,83.9726,78.8243
2022-04-23,63.4867,80.5,69.7303,16.3125,96.5257,72.9101,93.6489,99.4025
2022-04-24,63.3761,40.0,46.0714,100.0,69.2806,35.0238,76.2143,62.3469
2022-04-26,65.8325,62.0,65.6575,64.7083,73.6268,61.3858,64.9225,82.331
2022-04-27,71.1698,50.0,56.9608,100.0,73.364,50.4869,90.4044,56.3235
2022-04-28,64.0296,58.0,38.1844,88.9167,82.0948,35.3948,93.9479,70.2417
2022-04-29,60.5403,34.0,45.7277,100.0,56.5272,36.9092,47.5211,65.5332
2022-04-30,56.3828,52.0,57.6025,19.625,87.9135,59.8675,85.5205,90.3064
2022-05-01,49.2203,56.0,56.7527,13.875,62.5198,63.9176,83.0627,41.9768
2022-05-02,56.2357,52.0,51.0893,57.4167,64.1137,50.1964,44.9386,83.2889
2022-05-03,71.1871,62.0,59.624,100.0,68.3427,53.8747,64.0181,72.6672
2022-05-04,79.2351,56.0,66.515,100.0,84.0653,62.1717,94.0356,74.095
2022-05-05,60.339,79.0,69.2308,20.625,81.4462,72.7436,97.5077,65.3846
2022-05-06,69.9885,44.0,54.4221,80.75,83.7488,53.6407,79.2617,88.2359
2022-05-08,46.742,34.0,34.194,54.5,70.0,26.0647,57.4627,82.5373
2022-05-09,71.093,68.0,83.1514,39.0417,86.4581,82.2171,73.9947,98.9214
2022-05-10,70.031,50.0,56.2298,100.0,64.4936,53.7433,80.774,48.2132
2022-05-12,74.8514,60.0,71.2514,83.375,71.9791,71.0838,76.9767,66.9815
2022-05-13,84.8778,64.0,74.4503,95.0417,93.3056,72.4834,88.2609,98.3503
2022-05-14,66.2962,34.0,49.5652,88.3333,73.6708,46.6884,70.2609,77.0807
2022-05-15,53.2506,10.0,37.9165,64.4167,79.5022,28.3055,89.4749,69.5295
2022-05-17,79.5646,54.0,66.6737,95.0417,86.5975,64.5579,81.3892,91.8058
2022-05-18,72.2334,48.0,61.9932,77.5417,88.2786,57.9977,89.094,87.4632
2022-05-19,70.9059,54.0,64.264,49.8333,98.2052,66.7547,99.0863,97.3241
2022-05-20,48.2925,60.0,43.8231,19.5625,74.5498,49.941,87.9147,61.1848
2022-05-21,59.8582,89.5,83.9027,12.5625,62.4897,89.6342,72.5336,52.4458
2022-05-22,45.404,50.0,36.8614,17.875,80.6082,40.2871,82.4753,78.7412
2022-05-23,60.0278,28.0,34.7782,100.0,73.7083,24.2594,55.8662,91.5504
2022-05-24,66.4988,56.0,63.4521,65.5833,73.1863,62.6507,94.228,52.1446
2022-05-25,59.8927,50.0,57.4248,49.5417,75.8704,56.1416,54.8285,96.9123
2022-05-26,46.4989,10.0,32.0278,72.0,64.7321,17.3426,54.5833,74.881
2022-05-27,64.219,60.0,61.4992,63.8333,68.9337,61.3331,82.3445,55.5229
2022-05-28,54.8792,48.0,45.5512,46.625,80.1765,43.5171,62.3552,97.9978
2022-05-29,53.5563,10.0,28.0685,100.0,63.4129,16.0228,86.7671,40.0587
2022-05-30,69.6715,40.0,58.6885,100.0,62.5059,54.2295,77.541,47.4707
2022-05-31,73.4184,54.0,61.772,87.75,86.0784,55.424,91.5686,80.5882
2022-06-01,61.6461,46.0,58.8618,59.1667,75.1638,54.2873,51.2683,99.0592
2022-06-02,60.6716,80.5,80.0537,18.8125,71.5114,81.3512,65.6522,77.3706
2022-06-03,51.1978,10.0,22.8442,100.0,57.7704,14.2814,76.1682,39.3725
2022-06-04,58.8016,48.0,64.287,34.0833,77.5788,62.7623,59.0463,96.1113
2022-06-05,58.787,60.0,63.4027,30.2917,78.7616,64.4676,96.8793,60.644
2022-06-06,40.8923,50.0,38.1261,28.625,57.9352,37.7087,46.8067,69.0636
2022-06-07,77.8796,71.5,75.2566,100.0,67.9505,69.7522,81.0939,54.8071
2022-06-08,59.1442,66.0,68.3379,31.75,76.8359,65.6126,84.876,68.7958
2022-06-09,56.0765,60.0,62.4859,27.25,75.7748,62.162,67.4576,84.092
2022-06-10,69.2876,48.0,58.4231,96.2083,67.8368,52.3077,97.434,38.2396
2022-06-11,65.1326,62.0,57.7115,64.7083,80.4001,55.2372,79.0822,81.718
2022-06-12,45.7798,40.0,37.5963,10.1875,86.7436,42.1988,87.8882,85.5989
2022-06-13,43.767,73.0,33.16,19.0625,73.792,40.22,55.504,92.08
2022-06-14,54.3363,56.0,58.8869,14.4375,82.546,62.129,67.4955,97.5966
2022-06-15,66.5396,71.5,75.4755,30.5833,88.5675,75.8252,78.3102,98.8247
2022-06-17,50.5064,10.0,27.655,86.2917,66.6531,15.885,68.3571,64.9492
2022-06-18,36.9506,50.0,33.0807,11.0,56.0369,41.5269,56.4516,55.6221
2022-06-19,64.2097,46.0,57.9177,100.0,64.7751,39.9726,94.937,34.6132
2022-06-20,75.8357,80.5,80.9792,48.375,89.3103,85.1597,85.8621,92.7586
2022-06-21,48.0526,60.0,36.8331,20.4375,87.58,40.111,83.7249,91.4352
2022-06-22,58.8216,44.0,45.1515,76.6667,66.1331,42.0505,64.4091,67.8571
2022-06-23,55.4712,44.0,53.9274,27.0208,82.4146,56.4758,87.9066,76.9226
2022-06-24,32.1297,40.0,24.9337,13.9375,61.0497,24.9779,52.4309,69.6685
2022-06-26,62.3364,64.0,71.1271,24.2708,81.593,74.8757,85.1079,78.0781
2022-06-27,65.4768,85.0,82.2967,13.5625,92.4581,82.0989,94.4693,90.4469
2022-06-28,76.0142,56.0,68.1091,69.375,98.1203,65.703,98.4211,97.8195
2022-06-29,47.7632,58.0,47.2463,15.9375,71.1106,53.4154,91.0783,51.1429
2022-06-30,58.5546,22.0,39.8242,100.0,67.529,24.9414,78.3932,56.6649
2022-07-01,57.7705,60.0,67.1046,14.25,88.6444,66.2015,91.4599,85.829
2022-07-03,69.5349,86.5,80.1605,18.9375,95.6042,85.8868,96.9663,94.2422
2022-07-04,52.5024,71.5,66.4424,20.875,58.9122,69.3141,56.789,61.0354
2022-07-05,58.244,68.0,70.0121,14.625,82.2228,71.3373,82.13,82.3156
2022-07-06,71.1594,58.0,51.4844,100.0,81.0658,45.3281,87.3438,74.7879
2022-07-07,43.6836,60.0,37.5299,25.875,67.2527,39.8433,55.641,78.8645
2022-07-08,54.6652,34.0,24.7738,83.0833,73.8581,22.9246,65.8758,81.8404
2022-07-09,43.3268,52.0,47.4897,10.375,59.5238,54.4966,43.3333,75.7143
2022-07-10,48.7205,56.0,53.6626,20.5,66.1905,55.8875,64.4444,67.9365
2022-07-11,68.8899,44.0,48.4193,100.0,78.6549,41.6398,64.6835,92.6263
2022-07-12,64.866,50.0,48.971,64.7083,87.5873,49.8237,76.5078,98.6668
2022-07-13,46.6279,56.0,45.3061,16.75,68.2945,52.102,43.6735,92.9155
2022-07-14,67.6344,34.0,49.0157,100.0,87.9626,32.5052,98.1879,77.7373
2022-07-16,54.4127,52.0,56.9953,27.7083,65.7384,64.6651,71.8592,59.6177
2022-07-17,56.0131,70.0,56.0997,19.3125,83.9337,61.8666,98.9984,68.869
2022-07-18,43.074,52.0,33.8911,17.875,80.4385,34.9637,87.2277,73.6492
2022-07-19,64.2943,52.0,50.9244,100.0,67.8178,38.1415,60.3937,75.2418
2022-07-20,56.2805,64.0,60.4054,17.0,81.279,65.8018,62.9054,99.6525
2022-07-21,60.7995,54.0,64.058,23.125,88.8944,67.186,83.5652,94.2236
2022-07-22,64.801,50.0,45.8072,100.0,70.8998,37.2691,65.0276,76.7719
2022-07-23,45.3666,54.0,48.4478,12.75,59.8092,57.4826,53.2824,66.3359
2022-07-24,54.8245,54.0,45.0176,67.625,66.002,38.8392,51.1307,80.8733
2022-07-25,63.5761,16.0,34.0827,100.0,92.4748,20.0276,94.5761,90.3736
2022-07-26,68.3177,54.0,48.0851,94.1667,82.9027,41.3617,96.1702,69.6353
2022-07-27,79.3554,60.0,69.638,100.0,77.175,67.046,94.2697,60.0803
2022-07-28,75.3638,52.0,56.5958,100.0,85.7253,52.0319,95.2998,76.1509
2022-07-29,57.2216,46.0,48.1518,55.6667,82.7829,41.2173,95.099,70.4668
2022-07-30,44.0754,54.0,37.7959,16.75,76.8659,40.432,69.3878,84.344
2022-08-01,69.1568,34.0,50.0029,100.0,84.5474,38.3343,99.771,69.3239
2022-08-02,76.0583,50.0,62.5814,100.0,75.6633,60.3605,91.5414,59.7852
2022-08-04,61.4822,34.0,37.3376,100.0,74.5191,27.1125,96.5699,52.4682
2022-08-05,66.4332,28.0,47.7362,92.7083,79.6898,40.0787,72.3743,87.0053
2022-08-06,56.1338,60.0,66.3568,21.6875,78.1024,64.4523,63.7031,92.5016
2022-08-07,54.0139,56.0,58.9927,11.4375,85.8648,61.1642,83.002,88.7276
2022-08-08,56.558,58.0,57.9267,37.5833,74.9062,56.9756,96.3807,53.4316
2022-08-09,77.0056,64.0,71.4831,84.8333,79.6948,69.9944,98.4141,60.9755
2022-08-10,80.7959,66.0,69.6175,100.0,81.4768,67.5392,75.6123,87.3412
2022-08-11,55.8099,50.0,38.1083,75.7917,70.4887,32.7028,54.7434,86.2339
2022-08-12,60.0357,92.5,75.5515,14.1875,74.6618,80.8505,66.9287,82.3949
2022-08-13,71.4836,22.0,58.2694,100.0,81.8078,45.5898,84.3363,79.2794
2022-08-14,69.3447,44.0,63.6469,100.0,57.6328,56.7156,77.7279,37.5377
2022-08-15,58.4428,68.0,64.6442,28.1667,76.561,66.5481,87.3596,65.7624
2022-08-16,71.1878,48.0,63.5165,85.4167,66.2323,65.0055,81.2088,51.2559
2022-08-18,70.3966,64.0,56.8116,88.3333,74.6491,55.6039,83.9565,65.3416
2022-08-19,54.2144,66.0,72.3588,17.625,60.4461,74.4529,35.1163,85.776
2022-08-20,44.1061,56.0,38.4424,17.4375,68.9626,45.3141,70.7012,67.224
2022-08-21,53.1489,54.0,51.0985,27.0208,83.4512,50.3662,90.7072,76.1952
2022-08-23,68.2253,77.5,89.0379,22.875,82.6447,88.846,85.5685,79.721
2022-08-24,68.6265,60.0,63.6439,54.7917,87.079,65.548,81.1056,93.0524
2022-08-25,65.9131,64.0,66.9255,37.875,92.358,66.9752,85.9036,98.8124
2022-08-26,65.7165,44.0,50.1525,87.75,68.4314,49.2175,64.1177,72.7451
2022-08-28,64.4674,86.5,85.5984,20.5625,76.5243,85.6995,74.8998,78.1488
2022-08-29,67.6188,54.0,46.732,100.0,81.2999,36.9107,95.6807,66.919
2022-08-30,72.4041,62.0,65.0242,61.5,95.6522,64.1747,96.9565,94.3478
2022-08-31,78.9891,58.0,65.9341,100.0,84.7448,61.1447,94.4321,75.0574
2022-09-01,75.7904,56.0,65.4591,92.125,75.9118,64.8197,96.6238,55.1998
2022-09-02,78.4549,71.5,69.5697,86.5833,86.9741,67.3566,85.2298,88.7183
2022-09-03,54.4803,62.0,53.4463,16.875,84.8329,59.3154,80.7797,88.8862
2022-09-05,52.4669,10.0,29.3808,98.8333,60.1106,16.4603,69.8745,50.3467
2022-09-06,86.83,74.5,80.1802,89.7917,94.2734,79.8934,92.5081,96.0386
2022-09-07,69.0777,54.0,62.8508,81.9167,71.6799,58.7836,62.9176,80.4423
2022-09-08,69.5036,68.0,74.0724,72.5833,63.8931,71.1908,49.4919,78.2943
2022-09-09,74.9693,48.0,53.2502,100.0,92.5175,46.5834,93.1831,91.8518
2022-09-10,51.639,52.0,50.2572,22.9375,79.1703,52.4191,69.738,88.6026
2022-09-12,70.6608,46.0,58.2324,100.0,73.6965,49.0775,86.8904,60.5027
2022-09-13,62.1627,52.0,50.9725,81.9167,65.6666,46.6575,74.9443,56.3888
2022-09-14,72.8474,48.0,60.0263,100.0,70.4527,56.3421,73.2577,67.6477
2022-09-15,65.9508,48.0,57.205,100.0,58.2253,48.4017,74.6392,41.8115
2022-09-16,70.5923,60.0,62.7004,96.5,54.9729,63.7335,68.481,41.4647
2022-09-17,72.2438,44.0,49.9055,100.0,82.9005,46.6352,80.3239,85.4772
2022-09-18,74.1705,60.0,62.95,86.2917,83.58,59.8167,91.8182,75.3419
2022-09-19,63.5828,70.0,66.5353,56.8333,66.9388,65.8451,82.7094,51.1682
2022-09-20,50.7407,44.0,31.264,65.2917,69.6688,28.4213,80.4162,58.9214
2022-09-21,58.0249,28.0,38.5502,100.0,64.812,25.5167,58.5168,71.1073
2022-09-22,60.6056,22.0,30.5851,100.0,80.8271,20.8617,90.6192,71.0349
2022-09-23,66.4391,60.0,58.5062,64.7083,81.8253,57.3354,87.4493,76.2013
2022-09-25,54.0276,100.0,81.3334,11.25,47.68,86.7778,55.36,40.0
2022-09-26,59.2011,66.0,67.7493,25.875,82.4542,65.9164,73.0769,91.8315
2022-09-27,59.5987,58.0,64.7458,16.875,90.8475,67.2486,98.4746,83.2203
2022-09-29,55.6645,22.0,42.8487,84.8333,65.8181,29.4496,90.4846,41.1517
2022-09-30,75.0657,52.0,62.4477,100.0,81.0062,54.4826,94.8696,67.1429
2022-10-02,74.5424,52.0,60.9224,98.25,75.6873,57.9741,97.1698,54.2048
2022-10-03,72.0466,52.0,53.872,97.9583,80.5187,49.124,79.5068,81.5305
2022-10-04,58.6274,52.0,64.9692,26.1042,82.6072,64.3231,99.6159,65.5985
2022-10-05,76.6537,50.0,62.9809,100.0,76.7976,60.9936,92.8399,60.7553
2022-10-06,65.0126,58.0,65.2404,54.5,81.6738,60.9135,91.9403,71.4072
2022-10-08,67.5623,62.0,64.2026,77.25,70.1166,59.4009,94.0816,46.1516
2022-10-09,66.9928,44.0,46.3102,92.7083,83.3614,38.9367,84.1176,82.6051
2022-10-10,53.3592,50.0,51.028,38.4583,72.5348,50.5093,62.8705,82.1991
2022-10-11,77.2495,58.0,66.4044,100.0,76.921,62.3015,70.3727,83.4694
2022-10-12,71.2936,48.0,52.2701,90.6667,87.226,47.7567,74.7845,99.6675
2022-10-13,66.8763,62.0,63.3743,57.4167,84.9632,61.1248,77.2236,92.7027
2022-10-14,75.1229,56.0,58.3995,100.0,85.7303,51.4665,92.4008,79.0597
2022-10-16,60.8398,76.0,62.7586,31.4583,85.3517,64.0862,91.1862,79.5172
2022-10-18,65.8444,62.0,71.7727,49.25,77.819,68.9242,63.1298,92.5082
2022-10-19,55.4962,64.0,69.6029,37.875,50.0602,70.8676,60.1205,40.0
2022-10-20,53.8643,68.0,60.245,20.8125,70.8401,64.5817,67.8867,73.7935
2022-10-21,65.4974,85.0,81.3972,21.75,81.7921,83.7991,64.4311,99.1531
2022-10-22,58.312,46.0,56.1394,37.5833,78.9391,58.3798,67.9089,89.9694
2022-10-23,58.7767,50.0,52.973,35.8333,85.6486,56.1577,93.1892,78.1081
2022-10-24,75.5642,64.0,64.9003,93.0,87.7747,55.8001,99.6154,75.9341
2022-10-25,67.5833,62.0,67.4129,57.125,79.7101,66.471,68.4502,90.97
2022-10-28,53.482,74.5,71.0959,16.5,59.1389,74.3653,82.7397,35.5382
2022-10-29,72.5714,48.0,67.1972,72.875,85.5264,63.7324,88.6851,82.3678
2022-10-30,64.5321,66.0,61.3531,55.6667,82.0191,58.7844,94.2079,69.8303
2022-11-01,57.1391,48.0,48.8766,31.1667,89.1318,53.1255,91.547,86.7167
2022-11-02,45.1672,60.0,42.9758,16.125,71.9723,46.6586,84.1177,59.827
2022-11-03,61.6142,16.0,39.2651,100.0,80.0172,23.755,91.6868,68.3477
2022-11-04,69.2156,54.0,69.2498,71.4167,71.2131,66.4166,75.1508,67.2754
2022-11-05,66.9219,54.0,57.0606,100.0,58.6963,50.3535,49.6822,67.7103
2022-11-06,78.8324,54.0,68.2206,100.0,73.0532,68.5735,86.8045,59.3018
2022-11-07,63.7088,66.0,70.2942,41.375,82.9588,65.7647,86.1265,79.7911
2022-11-09,72.942,52.0,64.763,68.2083,88.4573,65.7543,94.3948,82.5197
2022-11-10,63.26,58.0,75.3587,19.5,85.2306,77.7862,93.7342,76.7269
2022-11-11,61.3516,46.0,43.7037,82.5,66.6286,43.7346,76.4,56.8571
2022-11-12,50.4884,10.0,46.5764,35.5417,80.8796,40.1921,88.4303,73.3288
2022-11-13,61.208,40.0,28.9292,100.0,74.7636,26.3097,79.4513,70.0759
2022-11-14,38.8961,54.0,10.0,14.9375,84.1988,24.6667,93.0769,75.3207
2022-11-15,71.0544,68.0,75.5975,36.4167,94.975,78.1992,94.9057,95.0443
2022-11-16,48.1688,42.0,34.5385,19.0,89.8214,39.8462,90.1923,89.4505
2022-11-17,57.5452,48.0,53.3149,30.5833,91.1674,53.105,98.2549,84.0799
2022-11-18,42.5622,58.0,35.7273,21.25,75.1039,35.0758,82.5455,67.6623
2022-11-19,75.2573,58.0,67.589,79.2917,79.5645,69.6963,88.9651,70.1639
2022-11-20,49.7165,52.0,40.7897,31.75,73.6127,45.7632,57.1074,90.1181
2022-11-21,69.2004,48.0,60.2768,72.875,80.1878,59.4256,66.4706,93.9051
2022-11-22,47.7279,64.0,47.3268,17.875,70.5092,52.4422,44.4554,96.5629
2022-11-23,44.4357,46.0,31.0699,17.5625,87.6777,33.5233,85.4742,89.8811
2022-11-24,53.5221,83.5,75.9889,10.125,58.7078,78.9963,45.8506,71.5649
2022-11-26,64.3857,56.0,75.5261,13.0625,96.5244,77.1754,98.4688,94.5801
2022-11-28,70.9238,54.0,71.6175,67.0417,73.633,71.7058,94.1558,53.1101
2022-11-29,63.4485,48.0,62.892,51.2917,86.3322,56.2973,83.5435,89.1209
2022-11-30,66.4136,64.0,64.8788,52.75,84.7583,63.2929,82.1805,87.3362
2022-12-01,61.1847,56.0,71.1681,16.5625,90.0,71.7227,94.6154,85.3846
2022-12-02,50.2513,46.0,58.4588,15.6875,69.9625,60.1529,88.4939,51.4311
2022-12-03,56.7224,52.0,58.9115,34.375,75.9475,58.8038,90.8163,61.0787
2022-12-04,67.1892,60.0,63.279,88.0417,60.9809,57.4263,71.1099,50.8519
2022-12-05,50.6628,16.0,32.6091,88.625,59.3904,19.5364,40.0977,78.6831
2022-12-06,50.7154,46.0,45.5524,29.5417,76.9359,47.3508,58.6351,95.2368
2022-12-07,77.9935,56.0,73.8046,75.7917,84.5333,75.1015,70.5473,98.5193
2022-12-09,62.984,70.0,59.8982,49.25,81.7448,59.6327,90.6107,72.879
2022-12-11,50.2872,60.0,57.3687,22.4375,60.6333,61.9562,63.5493,57.7172
2022-12-12,67.1771,46.0,52.0143,92.7083,74.9045,45.0048,63.9037,85.9053
2022-12-13,72.2169,52.0,65.3393,79.2917,80.548,61.9464,85.7255,75.3704
2022-12-14,81.0181,64.0,67.7193,97.0833,90.1203,64.2398,97.1579,83.0827
2022-12-18,86.9966,82.0,76.6299,100.0,91.6731,75.21,89.0991,94.2471
2022-12-20,60.4193,64.0,58.1893,56.25,71.873,55.5631,70.8889,72.8571
2022-12-21,65.9123,44.0,58.1557,77.25,63.6152,59.8852,86.3265,40.9038
2022-12-22,62.162,66.0,73.6288,30.5833,77.6692,72.8763,84.7923,70.5461
2022-12-23,74.6383,46.0,60.4669,100.0,81.2505,53.3223,92.1215,70.3796
2022-12-24,76.2529,46.0,71.3212,100.0,67.9744,65.9404,83.7313,52.2175
2022-12-26,59.9315,68.0,75.7595,18.8125,75.8178,76.7532,78.6957,72.94
2022-12-27,91.8367,85.0,85.9937,97.375,90.8067,88.8312,87.7918,93.8215
2022-12-28,74.5258,66.0,77.011,76.9583,75.8764,72.0037,92.1339,59.6189
2022-12-29,59.1274,70.0,78.4032,21.75,70.7442,76.3011,58.503,82.9855
2022-12-30,56.981,73.0,67.8788,15.75,75.994,71.7929,69.1608,82.8272
2022-12-31,51.4948,58.0,63.7,16.9375,68.1943,63.4,87.3604,49.0283
2023-01-01,60.0249,70.0,64.9977,33.2083,75.13,67.8326,81.1628,69.0971
2023-01-02,53.5493,60.0,54.9189,29.7708,71.1921,57.6396,66.5786,75.8057
2023-01-03,63.3587,40.0,40.8447,100.0,76.3332,30.2816,59.0069,93.6595
2023-01-04,45.0401,28.0,41.7387,29.3125,77.2086,34.0796,81.2971,73.1201
2023-01-05,56.5072,10.0,34.3959,87.4583,83.1189,18.132,85.5725,80.6652
2023-01-06,61.9061,54.0,55.796,73.4583,64.5652,52.432,60.5409,68.5895
2023-01-07,41.0014,40.0,34.516,22.875,77.6218,28.672,82.9446,72.299
2023-01-08,74.14,54.0,68.9278,100.0,66.026,62.3093,97.7125,34.3396
2023-01-09,69.4497,52.0,61.089,84.25,68.7796,60.0297,74.7682,62.7909
2023-01-11,71.2264,58.0,56.824,91.8333,80.7971,51.108,78.7554,82.8388
2023-01-12,66.5305,46.0,45.4971,69.375,93.2331,46.8324,95.2632,91.203
2023-01-13,55.9963,68.0,57.5599,43.125,67.8319,56.6866,67.1765,68.4874
2023-01-14,68.5582,34.0,56.2762,79.0,84.5656,50.9254,89.054,80.0772
2023-01-15,75.4506,50.0,52.4944,100.0,91.3298,48.4981,88.5014,94.1581
2023-01-16,80.5794,62.0,69.0823,88.0417,86.6952,71.5274,77.7693,95.621
2023-01-17,66.7973,46.0,45.2778,100.0,76.4018,38.2593,76.375,76.4286
2023-01-18,67.361,44.0,59.9097,78.4167,69.6421,58.4699,68.9165,70.3676
2023-01-19,59.5124,79.0,80.926,16.0,70.5804,81.142,60.625,80.5357
2023-01-20,77.5033,54.0,61.1957,99.7083,82.7052,59.2319,86.7675,78.6429
2023-01-21,66.8509,10.0,57.1211,100.0,74.4174,39.707,77.234,71.6008
2023-01-22,45.4324,44.0,35.5,28.1667,73.3467,38.3333,76.7416,69.9519
2023-01-23,67.5158,50.0,59.9699,78.7083,75.1119,54.99,78.1849,72.039
2023-01-24,66.2736,16.0,45.159,100.0,81.378,33.7197,91.062,71.6941
2023-01-25,73.6562,68.0,79.5781,50.4167,85.8409,81.026,96.5823,75.0995
2023-01-26,71.0219,58.0,71.1191,64.125,82.6421,67.873,72.3656,92.9186
2023-01-27,84.1064,62.0,74.7605,100.0,87.2421,71.4202,98.5246,75.9595
2023-01-28,80.5563,62.0,71.0891,100.0,84.9024,64.6964,81.6436,88.1612
2023-01-30,68.9133,66.0,73.5817,54.7917,78.614,71.8606,60.9814,96.2467
2023-01-31,76.7213,58.0,67.0642,100.0,73.2426,63.5214,86.7155,59.7696
2023-02-01,81.4021,64.0,70.146,100.0,91.0845,62.5487,88.8321,93.3368
2023-02-02,52.2865,66.0,68.116,15.9375,55.2571,74.5387,20.0174,90.4969
2023-02-03,51.8561,10.0,49.7233,55.375,67.2597,39.2411,68.4387,66.0807
2023-02-04,54.3839,56.0,55.3164,19.5,80.1853,60.4388,92.5949,67.7758
2023-02-05,76.1248,52.0,62.7716,100.0,77.801,59.0905,80.1124,75.4896
2023-02-06,47.6586,50.0,55.3036,10.875,69.0283,57.9346,42.7935,95.2632
2023-02-08,74.2404,62.0,72.0143,64.7083,85.6257,73.0048,79.9404,91.3111
2023-02-09,58.1698,10.0,35.1739,100.0,76.0075,18.3913,68.2261,83.7888
2023-02-10,70.5255,44.0,55.7495,100.0,78.4646,45.5832,90.1425,66.7867
2023-02-13,74.5611,46.0,63.3876,88.625,76.645,63.7959,53.3876,99.9023
2023-02-14,55.5405,66.0,58.9527,21.375,84.5404,58.9842,95.3776,73.7031
2023-02-15,71.7626,52.0,63.3814,100.0,69.7283,54.2938,87.464,51.9926
2023-02-16,53.4753,48.0,42.3931,47.5,75.967,42.4644,85.2308,66.7033
2023-02-17,66.7739,60.0,72.9782,60.9167,69.8028,68.6594,81.0412,58.5645
2023-02-18,62.0773,22.0,33.7143,100.0,84.4133,21.9048,92.5,76.3265
2023-02-22,79.3139,58.0,64.5863,100.0,85.8055,61.1954,94.346,77.265
2023-02-23,61.4077,48.0,40.298,100.0,65.7781,32.766,71.525,60.0313
2023-02-25,38.0735,10.0,20.1483,50.125,63.0581,13.3828,62.0152,64.101
2023-02-26,47.9509,22.0,39.8657,21.875,90.5203,36.9552,95.4328,85.6077
2023-02-27,82.1778,54.0,66.2022,100.0,95.5211,61.4007,97.7869,93.2553
2023-02-28,58.6216,22.0,38.7143,85.4167,84.4019,23.5714,70.9231,97.8807
2023-03-01,53.3202,50.0,51.4487,27.9375,76.7089,54.6496,79.8734,73.5443
2023-03-02,50.4443,42.0,33.7692,47.5,84.6703,29.5897,72.3077,97.033
2023-03-03,70.5902,64.0,51.1468,100.0,82.2424,43.2156,94.1324,70.3525
2023-03-04,45.7412,60.0,34.7977,13.375,83.8202,41.9326,90.2247,77.4157
2023-03-05,56.4548,56.0,56.411,23.3542,85.2822,59.3037,87.6266,82.9378
2023-03-06,65.5846,68.0,52.7969,73.75,88.1478,45.099,87.3793,88.9163
2023-03-07,41.7624,10.0,30.8882,54.7917,65.9326,16.9627,60.5342,71.331
2023-03-08,73.0252,52.0,55.5138,99.125,77.4563,52.6713,97.0846,57.828
2023-03-09,42.8096,10.0,28.5696,50.4167,75.132,16.1899,70.6076,79.6564
2023-03-10,65.0978,48.0,59.0881,67.3333,70.465,60.0294,70.283,70.6469
2023-03-11,57.6858,60.0,64.4629,30.875,72.294,65.821,86.9295,57.6586
2023-03-12,55.0933,71.5,65.7143,40.5,58.4694,62.5714,74.2857,42.6531
2023-03-14,53.2714,48.0,40.7004,44.875,84.7249,37.9001,73.502,95.9478
2023-03-15,52.5196,46.0,38.5738,33.5,89.5316,40.5246,99.5082,79.555
2023-03-16,61.9715,60.0,55.6801,59.4583,75.8518,54.3934,83.447,68.2565
2023-03-19,64.7498,42.0,55.0716,100.0,73.0884,35.6905,78.3381,67.8387
2023-03-20,60.6357,48.0,55.502,62.0833,69.3907,53.834,55.9759,82.8055
2023-03-21,46.344,50.0,39.129,22.625,77.2644,41.543,69.1202,85.4085
2023-03-23,70.9091,48.0,54.7014,88.625,85.9563,49.0671,96.5798,75.3327
2023-03-24,42.0498,42.0,33.3077,20.625,82.3956,29.4359,70.9231,93.8681
2023-03-25,73.0296,64.0,69.8053,74.625,71.5759,72.9351,80.7216,62.43
2023-03-26,64.3768,48.0,40.1794,100.0,76.2289,32.7265,93.4783,58.9796
2023-03-28,79.4755,68.0,74.9724,100.0,82.9281,63.4908,68.2214,97.6348
2023-03-31,58.3869,71.5,74.1176,21.4375,69.108,75.8726,92.5339,45.682
2023-04-01,44.0195,56.0,38.7285,17.75,70.4541,43.9095,63.6424,77.2659
2023-04-02,59.8615,66.0,72.5557,26.1042,73.8834,73.0186,86.5576,61.2091
2023-04-04,63.0972,46.0,36.7265,100.0,74.4769,30.9088,95.6293,53.3244
2023-04-05,75.8223,64.0,80.8884,71.7083,78.7254,76.6295,76.5353,80.9154
2023-04-07,72.3214,92.5,89.0508,17.75,96.8496,92.3503,98.2119,95.4872
2023-04-08,67.998,60.0,71.5187,66.4583,70.0254,67.6729,85.6213,54.4294
2023-04-10,52.2362,50.0,56.6798,11.625,82.1118,59.3933,93.2411,70.9825
2023-04-11,78.319,58.0,65.297,100.0,87.218,57.9323,98.335,76.101
2023-04-12,79.8884,58.0,70.5365,100.0,84.8411,63.1788,90.3978,79.2844
2023-04-13,72.173,54.0,59.9491,100.0,72.6311,53.3164,90.6482,54.6139
2023-04-14,61.7202,46.0,32.7376,100.0,71.652,29.5792,81.9273,61.3767
2023-04-15,55.0793,60.0,62.6577,17.0,74.1988,67.7192,87.8378,60.5598
2023-04-16,67.159,76.0,81.1186,37.2917,71.4554,84.2062,83.208,59.7028
2023-04-17,48.9551,58.0,51.0367,29.3125,60.012,54.6789,51.9247,68.0992
2023-04-18,61.4366,62.0,64.0723,56.8333,64.6587,62.3574,71.1823,58.1351
2023-04-19,55.377,58.0,57.3333,11.25,83.9029,65.7778,97.12,70.6857
2023-04-20,49.8554,50.0,52.4014,14.875,75.6682,55.9671,51.9355,99.4009
2023-04-21,69.4046,68.0,75.2623,49.8333,78.2016,76.5874,92.2335,64.1697
2023-04-22,74.1452,52.0,60.0852,93.875,88.8407,51.1951,85.5272,92.1543
2023-04-23,80.2979,60.0,74.8624,100.0,76.3613,69.7875,99.1454,53.5772
2023-04-25,76.4839,54.0,66.4424,100.0,76.9725,60.4808,70.5505,83.3945
2023-04-26,70.4322,58.0,59.6935,99.125,74.541,48.5645,79.9687,69.1133
2023-04-27,69.2138,50.0,35.9668,100.0,94.265,31.9889,91.0374,97.4926
2023-04-28,63.0436,50.0,47.7225,77.8333,79.958,41.9075,89.4118,70.5042
2023-04-29,62.335,86.5,82.3544,13.625,74.6203,86.6181,68.2156,81.025
2023-04-30,53.7623,48.0,58.7698,22.0,74.7832,60.9233,84.4643,65.102
2023-05-01,68.3981,79.0,83.3606,34.0833,78.6298,84.4535,62.4796,94.7801
2023-05-02,72.2895,64.0,72.8384,79.2917,68.0524,70.4461,87.3453,48.7594
2023-05-03,64.0196,64.0,68.0,38.75,82.0686,68.8333,94.48,69.6571
2023-05-04,69.6827,54.0,64.6068,83.375,75.2112,56.8689,77.7741,72.6483
2023-05-05,66.6749,52.0,62.7895,100.0,46.9674,57.5965,70.1152,23.8196
2023-05-07,68.3935,56.0,70.0901,35.8333,98.749,69.8634,98.5405,98.9575
2023-05-08,59.7653,52.0,53.6319,54.5,80.3625,49.5439,86.1194,74.6055
2023-05-09,71.2525,46.0,51.3987,99.4167,82.7677,44.7996,86.2839,79.2514
2023-05-10,66.1587,48.0,53.6319,93.5833,69.406,45.7106,75.629,63.1831
2023-05-11,52.5464,10.0,24.5608,90.9583,70.6735,14.8536,74.3272,67.0198
2023-05-12,72.9356,94.0,89.185,45.4583,71.9738,91.895,56.1061,87.8414
2023-05-13,62.4645,58.0,75.559,20.8125,83.2838,76.353,94.3492,72.2183
2023-05-18,58.6438,70.0,75.7158,19.875,72.2705,75.4053,69.2477,75.2933
2023-05-20,85.5131,71.5,80.5698,93.0,91.511,76.5233,98.8461,84.1758
2023-05-21,72.8399,68.0,80.2965,49.5417,83.4997,81.2655,82.5032,84.4963
2023-05-22,57.2596,95.5,81.2478,15.0625,61.2223,82.7493,56.2032,66.2414
2023-05-23,60.798,92.5,69.697,14.375,85.3195,75.399,74.1455,96.4935
2023-05-24,61.9001,83.5,72.0848,17.375,81.9828,78.1949,71.4047,92.5609
2023-05-25,75.8525,64.0,69.7033,100.0,75.632,59.9011,90.1047,61.1593
2023-05-26,62.0937,68.0,53.4849,76.6667,67.4188,48.8283,85.6818,49.1558
2023-05-27,51.2372,58.0,35.5488,44.2917,83.264,34.5163,76.9441,89.5839
2023-05-31,66.7955,56.0,61.3125,62.9583,82.4198,58.9375,82.605,82.2346
2023-06-01,61.7899,79.0,57.7778,40.5,89.6258,57.4259,93.3333,85.9184
2023-06-02,54.3284,54.0,50.6468,21.875,86.951,54.2156,77.1642,96.7378
2023-06-03,58.5086,71.5,69.6175,33.5,71.7213,66.3725,64.5902,78.8525
2023-06-04,73.5771,66.0,72.9715,99.4167,53.6177,69.6572,56.9729,50.2625
2023-06-05,69.2107,44.0,47.347,100.0,87.0641,36.7823,94.8571,79.2711
2023-06-06,62.9947,52.0,40.4277,97.375,71.8927,34.1426,77.0032,66.7823
2023-06-07,39.2434,46.0,28.3571,11.5,83.6735,28.119,75.7143,91.6327
2023-06-08,63.0683,80.5,76.5517,16.25,83.4631,80.6839,85.1035,81.8227
2023-06-10,70.5918,64.0,69.987,44.2917,95.5359,71.4957,98.7126,92.3593
2023-06-12,63.2921,79.0,78.7013,18.5,80.1716,81.9004,81.8831,78.4601
2023-06-13,69.8961,60.0,50.6306,89.7917,84.0293,47.2102,83.5568,84.5019
2023-06-15,74.5976,64.0,63.033,79.0,89.5753,61.6777,88.6486,90.5019
2023-06-16,52.5265,62.0,64.6498,21.9375,67.3302,63.0499,78.6736,55.9868
2023-06-17,68.6435,44.0,46.8024,100.0,82.3509,38.6008,93.9511,70.7507
2023-06-18,73.7592,44.0,57.1392,100.0,80.8374,51.5464,92.069,69.6059
2023-06-19,59.2945,42.0,47.8298,100.0,56.1157,34.2766,69.1736,43.0579
2023-06-20,49.353,48.0,46.0642,21.5,81.9535,46.1881,70.7229,93.1842
2023-06-21,64.7431,54.0,52.7273,100.0,68.2373,38.9091,79.2674,57.2072
2023-06-22,63.7246,48.0,48.0135,100.0,64.7792,38.8378,74.3636,55.1948
2023-06-23,42.5201,46.0,32.1472,32.0417,69.7052,31.3824,66.4512,72.9593
2023-06-24,72.4244,50.0,56.7633,91.5417,81.8122,53.4211,87.3362,76.2882
2023-06-25,68.8724,52.0,64.0909,100.0,59.2579,54.5303,59.6753,58.8404
2023-06-26,43.3754,48.0,36.2465,20.8125,74.1282,37.9155,73.6753,74.5811
2023-06-27,58.9351,64.0,68.3173,18.875,85.4892,67.9391,95.0804,75.898
2023-06-28,75.0422,56.0,59.1102,99.7083,83.1342,53.2034,97.2784,68.99
2023-06-29,45.3986,54.0,43.3683,21.6875,67.7736,46.2894,95.5472,40.0
2023-06-30,61.2584,50.0,60.1418,39.3333,77.5,65.0473,68.4043,86.5957
2023-07-01,72.3708,64.0,69.36,67.625,83.9929,67.7867,96.7138,71.2721
2023-07-02,59.0063,70.0,76.5986,10.625,75.5977,80.1995,65.102,86.0933
2023-07-03,74.1951,56.0,63.5918,100.0,81.387,52.1973,95.4651,67.309
2023-07-04,80.0786,64.0,76.3784,83.0833,86.0025,74.1261,93.0155,78.9896
2023-07-05,71.6586,70.0,76.6002,68.7917,70.7134,74.2001,86.8113,54.6156
2023-07-06,60.6531,62.0,67.9395,38.4583,71.6078,68.1465,76.8091,66.4066
2023-07-07,64.9146,76.0,68.277,53.0417,73.7708,66.9257,84.1176,63.4239
2023-07-08,58.1728,79.0,67.2048,17.9375,76.065,73.0683,92.1417,59.9882
2023-07-09,55.6222,73.0,65.5007,21.8125,70.8648,68.0003,69.4619,72.2678
2023-07-10,60.6537,66.0,66.2156,21.5625,89.6176,67.4052,82.812,96.4232
2023-07-11,55.209,54.0,56.5753,23.8125,85.8813,55.6918,85.3247,86.4379
2023-07-12,65.876,44.0,46.5289,100.0,78.8017,34.5096,76.9422,80.6612
2023-07-13,52.8744,10.0,30.5992,100.0,59.7608,16.8664,68.1994,51.3221
2023-07-14,64.7822,73.0,76.433,13.875,92.6463,80.1443,93.69,91.6025
2023-07-15,71.052,76.0,79.5232,44.2917,82.6286,81.1744,87.7113,77.546
2023-07-16,70.5993,83.5,84.3884,28.625,90.5282,85.2961,81.0924,99.964
2023-07-17,64.8051,64.0,67.1795,47.5,80.978,65.5598,78.7692,83.1868
2023-07-18,65.0751,58.0,59.3792,83.0833,65.9899,52.4597,86.6297,45.35
2023-07-19,40.9963,28.0,39.2722,22.25,73.601,31.7574,82.426,64.776
2023-07-20,59.5842,73.0,68.1688,22.4375,81.2729,69.8896,82.3711,80.1746
2023-07-21,65.0552,62.0,57.842,72.2917,73.2304,54.7807,56.1965,90.2643
2023-07-23,65.2675,54.0,71.9831,50.4167,72.528,70.3277,70.6076,74.4485
2023-07-25,67.6695,62.0,80.0,47.5,70.5934,79.1667,76.4615,64.7253
2023-07-26,59.1839,10.0,37.3336,100.0,78.4769,19.1112,79.8945,77.0593
2023-07-27,75.4036,74.5,76.7836,86.0,65.7707,74.7612,62.8947,68.6466
2023-07-28,60.7373,28.0,39.1392,96.5,73.0108,28.7131,85.5696,60.4521
2023-07-29,55.6056,56.0,53.4225,12.6875,86.9708,63.3075,90.1912,83.7503
2023-07-30,46.5568,50.0,34.2737,16.3125,88.2493,38.9245,80.6368,95.8618
2023-07-31,65.3022,34.0,41.882,100.0,84.8667,29.1273,98.7081,71.0253
2023-08-01,62.7219,62.0,58.0656,45.1667,86.077,58.8552,94.8705,77.2835
2023-08-02,69.5005,40.0,52.7878,100.0,76.1078,44.7626,91.9162,60.2994
2023-08-03,54.4434,52.0,51.8676,26.5625,83.8055,53.4559,76.6383,90.9726
2023-08-04,44.6342,28.0,36.3229,19.875,87.1832,32.7743,86.1756,88.1908
2023-08-05,56.9869,70.0,59.9071,15.875,82.1254,67.6357,99.6864,64.5645
2023-08-06,67.4446,54.0,64.5723,63.25,77.7698,63.3575,85.1079,70.4317
2023-08-07,59.1289,60.0,66.2986,20.75,85.8019,66.9329,96.135,75.4689
2023-08-09,50.5255,50.0,55.1938,23.0,68.4925,56.8979,85.8721,51.113
2023-08-10,53.8978,48.0,39.5529,76.375,63.491,32.5176,69.5904,57.3915
2023-08-11,41.3037,16.0,34.4162,23.5833,84.0215,24.6387,91.1561,76.8869
2023-08-12,45.9628,42.0,32.322,20.5625,95.1464,30.1073,91.5408,98.7519
2023-08-13,47.6444,28.0,38.7143,25.4167,86.4816,36.5714,79.9429,93.0204
2023-08-14,60.4858,52.0,38.8451,68.5,91.2777,34.615,83.0986,99.4567
2023-08-15,65.6854,22.0,50.028,100.0,77.6351,34.8427,91.6807,63.5894
2023-08-16,45.9337,34.0,30.0379,58.2917,65.4572,24.6793,74.3329,56.5816
2023-08-17,55.084,71.5,64.6975,15.125,76.0702,67.7325,81.1032,71.0371
2023-08-18,71.2591,40.0,53.0697,78.125,88.247,55.3566,86.8814,89.6126
2023-08-19,51.438,58.0,50.0358,20.8125,81.4526,51.8453,94.6248,68.2805
2023-08-20,69.3455,42.0,47.9856,100.0,87.4666,36.8285,90.9352,83.998
2023-08-21,61.251,46.0,55.6098,59.1667,73.1568,54.7033,76.7317,69.5819
2023-08-22,52.5805,64.0,71.0406,17.4375,54.3239,74.8469,56.8781,51.7696
2023-08-23,52.8777,40.0,53.3686,40.5,64.3878,53.4562,65.7143,63.0612
2023-08-24,52.7708,66.0,64.9741,16.1875,61.2731,71.4914,49.4819,73.0644
2023-08-25,58.8648,60.0,65.124,10.25,89.2149,71.0413,85.124,93.3058
2023-08-27,55.0765,52.0,59.3354,20.125,73.725,65.9451,78.4112,69.0387
2023-08-28,47.2615,48.0,35.1476,37.2917,80.0499,32.0492,96.255,63.8447
2023-08-29,55.8622,10.0,14.9643,100.0,78.0357,11.6548,92.5,63.5714
2023-08-30,43.1632,42.0,34.0649,17.5625,79.9762,35.6883,79.7837,80.1688
2023-08-31,62.1988,80.5,65.5691,21.0,90.1611,71.023,96.1585,84.1638
2023-09-01,79.2558,56.0,64.9673,100.0,92.4118,56.6558,86.5882,98.2353
2023-09-02,54.4232,64.0,44.7619,12.8125,95.7878,54.5873,95.3714,96.2041
2023-09-03,50.3756,58.0,44.7059,38.1667,71.2949,44.5686,76.8984,65.6914
2023-09-05,60.8651,60.0,36.0556,100.0,60.0,35.3519,86.6667,33.3333
2023-09-06,50.0163,10.0,14.0768,100.0,58.0188,11.3589,52.7119,63.3257
2023-09-07,49.8982,10.0,10.0,94.1667,65.4772,10.0,84.2979,46.6565
2023-09-08,61.0951,42.0,37.2405,96.5,72.7125,29.7468,73.038,72.387
2023-09-09,60.467,60.0,60.7444,60.3333,61.1789,60.0815,39.7087,82.6491
2023-09-11,57.0574,10.0,39.2037,100.0,70.0992,19.7346,84.1667,56.0317
2023-09-12,47.9974,10.0,12.3909,100.0,51.7955,10.797,54.9543,48.6367
2023-09-13,56.4336,52.0,36.2509,67.625,80.7673,32.7503,86.1131,75.4215
2023-09-14,65.5391,44.0,32.8901,100.0,85.9419,28.9634,94.0659,77.8179
2023-09-15,49.3823,10.0,17.7887,100.0,53.9437,12.5962,60.7042,47.1831
2023-09-16,63.3162,52.0,61.3051,40.5,90.2041,60.6017,92.8571,87.551
2023-09-17,78.8662,71.5,76.1724,81.625,82.5705,74.5575,76.0201,89.1209
2023-09-18,65.6093,40.0,42.6758,100.0,83.2945,30.8919,85.4269,81.1622
2023-09-19,64.4134,54.0,32.7162,87.1667,89.922,32.2387,92.9258,86.9183
2023-09-20,62.3209,34.0,39.4835,100.0,76.3815,27.8278,94.7253,58.0377
2023-09-21,62.8252,42.0,42.2951,100.0,71.9906,31.9317,98.8525,45.1288
2023-09-22,60.9492,10.0,25.994,100.0,90.3251,15.3313,99.8204,80.8298
2023-09-23,52.081,46.0,10.8049,59.1667,89.7143,22.2683,87.2683,92.1603
2023-09-24,60.3645,58.0,63.035,48.0833,71.4249,61.1783,57.8772,84.9726
2023-09-25,41.6304,22.0,28.8946,30.2917,84.9673,20.2982,97.878,72.0567
2023-09-26,60.1231,28.0,42.4562,97.0833,62.6196,33.8187,75.1789,50.0602
2023-09-27,52.8194,10.0,10.0,100.0,69.8677,10.0,83.7037,56.0317
2023-09-28,61.4974,52.0,10.0,100.0,79.2411,24.0,83.125,75.3571
2023-09-29,46.0867,40.0,31.8321,22.8125,93.8248,29.7774,97.5036,90.146
2023-10-01,62.7002,68.0,51.0059,66.4583,79.4894,49.002,86.8994,72.0795
2023-10-02,65.0268,52.0,48.6012,81.3333,79.7098,44.3671,77.0982,82.3214
2023-10-04,32.5465,10.0,18.1569,33.7917,61.0427,12.719,51.7463,70.3391
2023-10-05,44.8829,40.0,32.7316,37.2917,74.6826,30.0772,59.2886,90.0767
2023-10-06,62.3745,10.0,37.7243,100.0,84.9487,22.2414,78.5536,91.3438
2023-10-07,51.7621,34.0,47.9912,40.2083,72.4636,45.6637,72.9404,71.9868
2023-10-08,54.7952,10.0,36.7931,73.75,88.8867,19.431,99.7931,77.9803
2023-10-09,63.6977,44.0,35.8125,100.0,78.0357,29.9375,88.75,67.3214
2023-10-10,50.1007,10.0,22.3333,82.5,71.6857,14.1111,72.8,70.5714
2023-10-11,56.8154,16.0,31.1322,97.9583,72.3295,19.0441,70.4407,74.2183
2023-10-12,75.9075,64.0,68.3481,83.6667,82.3357,66.4494,81.2832,83.3881
2023-10-13,44.843,34.0,36.6771,21.8125,82.7995,34.8924,75.6502,89.9487
2023-10-14,62.3269,62.0,59.2541,28.8542,95.1628,62.7514,92.5734,97.7522
2023-10-15,42.2623,46.0,35.8692,27.9375,66.5461,35.6231,68.2279,64.8644
2023-10-16,53.3633,10.0,32.8592,100.0,60.3421,17.6197,48.662,72.0221
2023-10-17,66.0713,34.0,38.4265,100.0,90.0363,27.4755,85.1361,94.9365
2023-10-18,63.5837,56.0,43.0068,90.9583,77.0813,36.3356,95.4467,58.716
2023-10-19,73.2099,40.0,52.0306,99.125,87.3444,46.5102,91.0658,83.6229
2023-10-20,62.0864,52.0,48.7688,79.0,76.168,41.4229,64.7297,87.6062
2023-10-22,50.9463,58.0,70.0763,12.75,59.024,71.0255,69.771,48.277
2023-10-23,71.3488,58.0,62.6009,92.125,71.2954,57.5336,80.2251,62.3656
2023-10-24,56.8432,48.0,54.0184,52.75,63.942,54.8395,74.0602,53.8238
2023-10-25,57.6753,70.0,64.954,23.0625,79.3241,66.318,89.6807,68.9675
2023-10-26,66.28,46.0,52.3895,81.625,77.4104,48.6298,72.6087,82.2121
2023-10-27,42.4063,10.0,39.893,16.8125,76.163,36.9643,78.455,73.871
2023-10-28,47.5095,60.0,46.4126,49.5417,49.5353,44.8042,55.7433,43.3273
2023-10-29,60.1175,60.0,64.0183,32.9167,80.4853,64.6728,90.3836,70.5871
2023-10-30,67.4764,44.0,50.3837,100.0,78.7256,38.2946,86.4029,71.0483
2023-10-31,61.3235,52.0,49.1485,47.2083,98.3495,46.0495,97.5738,99.1253
2023-11-01,61.2722,58.0,49.6594,100.0,53.3729,40.7198,54.0115,52.7343
2023-11-02,59.6313,22.0,39.8693,100.0,67.525,27.4564,73.465,61.5849
2023-11-03,66.8513,68.0,63.5941,62.375,76.8076,63.198,95.343,58.2723
2023-11-04,67.3872,60.0,51.2308,79.875,88.6147,44.9103,97.4747,79.7547
2023-11-05,72.0834,52.0,59.8138,100.0,71.8848,53.6046,99.2147,44.555
2023-11-06,77.1783,48.0,61.5077,100.0,87.1201,55.3359,91.0954,83.1449
2023-11-07,60.9269,70.0,65.3785,27.4792,81.5757,69.4595,91.4951,71.6563
2023-11-08,58.097,66.0,71.2558,11.6875,80.5241,74.0853,96.2722,64.776
2023-11-09,67.2676,56.0,68.1806,39.625,89.7211,70.7269,83.3865,96.0558
2023-11-10,68.6642,76.0,70.8539,44.2917,91.3561,69.7846,84.4343,98.2779
2023-11-11,76.1362,77.5,75.2381,75.2083,79.1494,74.746,83.6457,74.6531
2023-11-12,55.0394,73.0,56.5738,20.375,84.4759,58.5246,89.6904,79.2614
2023-11-13,54.2866,71.5,53.2426,16.75,83.3819,59.9142,71.2245,95.5394
2023-11-14,60.9213,52.0,56.0736,57.7083,81.4794,49.3579,66.9816,95.9772
2023-11-18,65.5644,86.5,81.5873,34.375,71.5569,82.3624,54.5714,88.5423
2023-11-20,64.9154,91.0,88.3445,37.875,54.1566,90.1148,68.3133,40.0
2023-11-21,60.7477,82.0,78.1398,21.4375,71.6096,79.7132,55.6109,87.6083
2023-11-22,66.5873,50.0,61.8147,72.875,69.2734,60.6049,64.8097,73.737
2023-11-23,63.5452,62.0,65.4865,63.8333,63.5817,63.3288,72.8708,54.2925
2023-11-24,52.7989,58.0,53.5042,47.5,60.044,51.5014,67.2308,52.8571
2023-11-25,61.8799,79.0,74.3528,21.6875,85.4658,72.9509,79.6252,91.3065
2023-11-27,69.4748,42.0,53.1183,100.0,86.8525,37.5394,99.4194,74.2857
2023-11-28,78.0675,60.0,70.436,96.5,75.0181,67.812,97.7215,52.3146
2023-11-29,49.318,50.0,53.2626,15.375,69.1065,58.7542,81.8728,56.3402
2023-11-30,78.7127,68.0,72.8669,100.0,71.5609,69.289,84.4444,58.6773
2023-12-02,80.8412,56.0,68.2883,100.0,88.8001,62.7628,97.5676,80.0327
2023-12-03,72.2712,68.0,58.8429,100.0,82.2776,47.1143,88.6478,75.9075
2023-12-05,71.7802,68.0,72.4188,62.375,83.6462,70.1396,87.9783,79.3141
2023-12-06,73.4371,58.0,65.7635,100.0,69.8981,58.0878,90.9721,48.8241
2023-12-07,64.6092,98.5,91.5112,18.1875,66.6893,94.1704,36.8085,96.57
2023-12-08,70.1146,76.0,85.3613,28.8542,85.8661,87.1204,84.7692,86.963
2023-12-11,75.8003,64.0,69.1738,93.0,78.2143,62.7246,82.6923,73.7363
2023-12-12,49.1995,42.0,35.4557,67.0417,61.4286,29.1519,70.3542,52.503
2023-12-13,63.5116,42.0,57.24,100.0,67.6705,36.4133,86.6642,48.6767
2023-12-15,69.7948,64.0,69.4633,68.2083,75.8419,66.8211,80.6463,71.0374
2023-12-16,57.8675,46.0,39.8287,60.0417,87.0804,36.9429,80.4253,93.7355
2023-12-17,77.4029,44.0,53.1264,100.0,97.8471,48.7088,96.19,99.5041
2023-12-18,66.9224,34.0,39.1433,100.0,92.6567,27.7144,90.0196,95.2937
2023-12-19,71.144,34.0,54.0341,100.0,88.737,40.178,95.3908,82.0832
2023-12-20,72.0704,52.0,65.7143,77.25,75.8892,66.0714,87.551,64.2274
2023-12-21,65.0209,44.0,54.1936,73.1667,75.5596,52.5645,75.9447,75.1745
2023-12-22,69.0917,83.5,83.6157,22.0625,92.9505,84.5386,91.8425,94.0586
2023-12-23,72.2123,73.0,64.1713,81.0417,77.1157,63.0571,81.5978,72.6337
2023-12-25,64.2625,56.0,65.9363,70.25,59.4506,63.4788,47.7622,71.1389
2023-12-26,52.0602,52.0,52.8205,20.625,77.9253,55.7735,82.5538,73.2967
2023-12-27,63.991,48.0,45.2174,88.3333,77.2764,38.9058,84.7391,69.8137
2023-12-28,64.5518,58.0,59.5436,58.5833,75.826,61.0145,85.6968,65.9553
2023-12-29,51.4813,68.0,53.2958,13.3125,78.7242,58.7653,75.516,81.9324
2023-12-30,63.3487,62.0,60.0,46.0417,90.1788,57.0,93.3806,86.977
2024-01-01,53.421,50.0,49.196,35.25,82.1254,46.3987,92.9268,71.324
2024-01-02,79.7352,64.0,79.435,78.125,85.9806,76.645,97.4576,74.5036
2024-01-04,71.232,62.0,58.9855,88.3333,84.236,51.1618,91.3913,77.0807
2024-01-05,55.7795,68.0,65.41,19.125,75.1483,67.3033,66.3578,83.9388
2024-01-06,53.6114,22.0,51.6049,56.25,59.5873,47.8683,61.5556,57.6191
2024-01-07,54.3549,40.0,45.9081,50.7083,75.8299,42.4694,66.89,84.7697
2024-01-08,71.2289,60.0,62.4427,87.4583,70.1215,61.1476,89.3021,50.941
2024-01-09,56.6524,34.0,39.5132,73.4583,74.8183,33.3377,97.618,52.0187
2024-01-10,71.2743,73.0,71.6667,48.6667,91.2099,73.0556,90.8163,91.6035
2024-01-11,73.5147,56.0,57.9948,100.0,84.0541,48.8316,79.2578,88.8504
2024-01-12,70.5009,62.0,65.6078,80.75,70.9492,63.3693,82.4832,59.4151
2024-01-13,59.532,42.0,37.2147,100.0,63.7546,29.7382,66.8986,60.6106
2024-01-14,72.9843,79.0,81.9291,36.7083,94.2723,82.9764,98.9098,89.6347
2024-01-15,50.6667,50.0,62.8425,28.3958,61.2663,58.4475,29.1865,93.346
2024-01-16,63.4809,56.0,68.5855,76.375,50.7655,63.3618,34.7782,66.7528
2024-01-17,70.0192,60.0,63.1209,71.7083,77.5484,63.8736,89.6756,65.4213
2024-01-18,78.5894,66.0,72.6026,100.0,70.0116,70.0342,75.4987,64.5245
2024-01-19,69.2288,64.0,64.7826,88.3333,62.8261,60.7609,68.6956,56.9565
2024-01-20,55.0506,46.0,52.2513,42.8333,72.4682,51.5838,89.1623,55.7741
2024-01-21,78.3367,77.5,82.6316,86.0,70.1128,78.7105,51.8421,88.3835
2024-01-22,76.8149,56.0,67.5166,100.0,68.3438,67.0055,90.3187,46.3688
2024-01-23,71.9927,42.0,59.8541,100.0,73.5473,52.2847,79.8997,67.1949
2024-01-24,72.2486,58.0,68.2375,78.7083,73.7929,66.9125,95.8399,51.7459
2024-01-25,77.0622,52.0,65.0423,100.0,78.4464,60.8474,87.3848,69.5081
2024-01-26,66.0969,68.0,71.5556,38.75,84.8114,71.8519,80.08,89.5429
2024-01-27,65.4715,40.0,52.7928,89.7917,69.2124,46.7643,83.946,54.4788
2024-01-28,65.6235,42.0,53.1997,81.9167,74.9157,48.5666,74.5434,75.2879
2024-01-29,64.4336,58.0,66.6437,74.0417,54.9041,64.3812,48.4386,61.3695
2024-01-30,72.7384,58.0,64.6924,100.0,74.7382,53.2308,77.6738,71.8026
2024-01-31,80.7481,64.0,69.201,100.0,85.518,64.7337,98.1043,72.9317
2024-02-01,67.8806,52.0,55.0809,90.375,69.9168,51.527,72.1359,67.6976
2024-02-02,59.7933,56.0,58.1317,48.9583,70.5023,59.8772,60.9045,80.1001
2024-02-03,55.3112,60.0,59.3988,39.9167,58.9731,63.1329,52.0159,65.9303
2024-02-04,51.6274,64.0,59.5168,17.9375,64.4999,65.5056,86.804,42.1958
2024-02-05,72.2279,44.0,53.6214,96.7917,81.1952,49.8738,79.2308,83.1597
2024-02-06,61.1559,64.0,69.0095,34.9583,76.0826,68.6698,79.3623,72.8029
2024-02-07,64.4308,48.0,57.8429,68.7917,74.0445,55.1143,74.7831,73.306
2024-02-08,72.4201,60.0,62.4663,72.2917,87.9455,62.1554,99.896,75.9951
2024-02-09,55.8926,70.0,71.5876,12.9375,64.8929,78.5292,68.0645,61.7213
2024-02-10,59.5629,62.0,55.2044,34.0833,89.0346,56.9015,92.3978,85.6715
2024-02-11,55.9057,66.0,53.3149,30.5833,86.9292,52.105,84.2936,89.5647
2024-02-12,73.3256,54.0,61.089,84.25,83.5951,59.1963,85.0993,82.0908
2024-02-13,57.3777,62.0,65.5659,20.125,80.4139,66.8553,62.1495,98.6782
2024-02-14,81.9627,70.0,77.3333,100.0,67.7029,79.4444,82.72,52.6857
2024-02-15,64.413,66.0,68.4283,45.1667,80.3146,66.6428,95.3368,65.2924
2024-02-16,72.974,68.0,70.4439,78.4167,76.5205,66.9813,57.1332,95.9078
2024-02-17,56.7732,54.0,62.9995,20.5625,83.8939,62.8332,90.4314,77.3564
2024-02-18,65.0744,54.0,52.2351,71.4167,79.4763,51.245,63.0394,95.9132
2024-02-19,70.6948,60.0,66.7912,100.0,58.7863,59.0971,62.5664,55.0063
2024-02-20,74.1809,52.0,54.7876,100.0,91.4893,45.4292,87.6771,95.3015
2024-02-21,67.8854,46.0,45.8309,100.0,82.1835,36.9436,94.3587,70.0083
2024-02-22,64.264,50.0,51.5604,62.375,91.769,47.1868,88.8448,94.6931
2024-02-23,66.7177,56.0,65.0,53.3333,86.1786,62.6667,73.0,99.3571
2024-02-24,64.5397,54.0,61.0916,69.375,69.218,58.1972,88.7368,49.6992
2024-02-25,61.3662,60.0,69.1114,53.0417,65.9342,63.8705,74.8811,56.9873
2024-02-26,79.4784,82.0,77.7158,71.125,95.1916,74.5719,96.7596,93.6237
2024-02-27,81.0463,58.0,68.4135,92.7083,91.9969,65.9712,96.4385,87.5554
2024-02-28,68.1125,42.0,54.3903,100.0,64.1986,49.4634,80.2439,48.1533
2024-02-29,65.1,70.0,65.528,43.7083,87.3775,64.5093,96.3625,78.3926
2024-03-01,79.2528,58.0,61.1413,99.4167,89.3976,59.0471,90.4175,88.3776
2024-03-02,59.5866,56.0,56.8361,27.25,97.385,55.9454,95.4237,99.3462
2024-03-03,75.454,97.0,91.6466,62.0833,68.1824,89.2155,68.1205,68.2444
2024-03-04,83.2581,79.0,81.2134,92.4167,82.3799,77.7378,70.5139,94.246
2024-03-05,77.3057,58.0,69.1527,100.0,65.2438,70.2176,83.3531,47.1344
2024-03-06,72.1234,64.0,68.2375,78.7083,75.6048,65.4125,70.4735,80.736
2024-03-07,75.057,50.0,64.9123,97.0833,71.6602,62.6374,98.6737,44.6466
2024-03-08,69.8825,64.0,69.9263,57.4167,87.4588,66.4754,83.4152,91.5023
2024-03-09,72.8309,80.5,80.4115,56.25,74.9524,82.4705,75.7778,74.127
2024-03-10,80.6219,68.0,83.4745,100.0,59.4393,81.8248,81.2378,37.6408
2024-03-11,63.3241,82.0,86.715,14.4375,78.0892,86.0717,92.9764,63.202
2024-03-12,54.8578,66.0,55.9644,22.125,82.145,58.4881,66.6172,97.6727
2024-03-13,63.6322,58.0,63.7951,51.5833,78.9817,61.4317,82.5441,75.4192
2024-03-14,59.4124,64.0,64.954,23.0625,86.1538,65.818,89.1582,83.1495
2024-03-15,70.9068,66.0,72.2824,56.8333,81.9493,72.9275,96.8966,67.0021
2024-03-16,56.9607,64.0,58.7964,27.4792,81.485,60.2655,67.3766,95.5934
2024-03-17,61.7266,62.0,68.0435,34.6667,77.6048,69.1812,95.5978,59.6118
2024-03-18,72.1735,50.0,62.0513,100.0,79.5817,48.6838,94.7146,64.4488
2024-03-19,77.3912,68.0,60.7018,100.0,86.5182,56.2339,97.4494,75.5871
2024-03-20,63.322,46.0,51.0911,79.2917,77.5398,43.197,68.7177,86.3619
2024-03-21,78.5851,62.0,72.6997,100.0,71.9481,68.7332,75.4545,68.4416
2024-03-22,61.3263,68.0,65.785,22.0625,89.187,68.9283,88.9005,89.4736
2024-03-23,60.1806,70.0,72.6136,26.3333,78.7419,70.3712,79.5455,77.9383
2024-03-24,63.2482,48.0,52.8821,48.375,92.0525,53.9607,85.4023,98.7028
2024-03-25,66.5493,79.0,80.5755,39.625,72.51,80.5252,68.0876,76.9323
2024-03-26,70.9827,56.0,63.033,79.0,82.4228,58.011,92.2973,72.5483
2024-03-27,73.311,58.0,64.0549,96.2083,75.6027,56.5183,77.6663,73.539
2024-03-28,62.7209,42.0,56.9291,68.2083,72.8504,52.3097,73.4548,72.2461
2024-03-29,79.4582,70.0,73.6752,100.0,71.2659,71.2251,76.0923,66.4396
2024-03-30,54.8995,48.0,40.2535,80.75,59.2713,34.7512,61.9463,56.5964
2024-03-31,71.5098,48.0,59.4558,100.0,64.5563,57.1519,56.1388,72.9738
2024-04-01,72.8701,50.0,55.7544,100.0,79.9182,50.0848,88.2934,71.543
2024-04-02,82.1705,50.0,68.9667,100.0,87.8634,66.4889,99.5271,76.1997
2024-04-03,67.1124,40.0,55.1678,100.0,79.3097,37.0559,67.1812,91.4382
2024-04-04,51.6394,46.0,54.1096,59.625,40.5582,53.7032,41.1164,40.0
2024-04-05,63.0328,70.0,75.9233,23.4375,79.4656,78.4744,94.1727,64.7585
2024-04-06,64.2873,88.0,76.1587,13.625,91.3011,80.0529,85.6134,96.9889
2024-04-07,67.6684,68.0,65.7143,73.9167,62.5656,66.9048,62.6531,62.4781
2024-04-08,79.8715,60.0,72.9482,100.0,71.3261,72.1494,89.5154,53.1367
2024-04-09,61.9413,64.0,61.2888,52.0417,82.1083,55.0963,89.8513,74.3654
2024-04-10,67.3565,62.0,63.5918,100.0,54.4518,54.1973,66.5116,42.392
2024-04-11,66.3504,62.0,39.467,100.0,76.4927,37.1557,86.5269,66.4585
2024-04-12,76.4446,58.0,68.6822,100.0,74.4651,62.0607,71.9535,76.9767
2024-04-13,76.2218,50.0,63.2981,92.5833,84.0441,60.0994,79.26,88.8281
2024-04-14,69.9462,91.0,90.2757,21.5625,84.8615,92.2586,79.2932,90.4296
2024-04-15,72.4154,71.5,69.5662,65.4583,83.9625,69.3554,98.8394,69.0856
2024-04-16,66.3572,50.0,54.4734,100.0,68.2634,42.6578,78.2528,58.274
2024-04-17,79.7798,74.5,79.41,80.3333,89.1909,73.1367,98.4071,79.9747
2024-04-18,80.8896,60.0,74.0487,100.0,79.5891,69.0162,79.9736,79.2047
2024-04-19,74.8135,60.0,62.0513,100.0,84.5714,51.5171,99.1041,70.0388
2024-04-20,52.3485,50.0,57.85,40.9583,53.3364,59.2833,79.2848,27.3881
2024-04-21,73.7073,68.0,70.0248,90.5417,61.9215,70.3416,82.0767,41.7663
2024-04-22,75.3333,64.0,64.9709,100.0,75.4309,58.8236,57.2727,93.5891
2024-04-23,61.1748,40.0,49.0058,100.0,61.609,35.0019,77.579,45.6391
2024-04-24,82.1301,50.0,70.5734,100.0,85.4186,68.0245,74.3732,96.464
2024-04-25,79.1567,68.0,77.3321,100.0,70.1323,71.2774,77.6953,62.5692
2024-04-26,67.9186,64.0,66.203,72.4583,68.9054,64.2343,53.9225,83.8883
2024-04-27,58.9934,62.0,58.4526,32.7917,86.7091,57.9842,73.6437,99.7744
2024-04-28,49.6879,76.0,70.2156,17.6875,50.3625,70.5719,38.6567,62.0682
2024-04-29,72.7858,56.0,62.4743,98.3333,74.1797,54.8248,74.2062,74.1532
2024-04-30,75.8715,62.0,66.3492,100.0,78.3755,58.1164,87.4857,69.2653
2024-05-02,53.8295,66.0,56.7386,23.4375,69.3464,63.7462,42.1151,96.5776
2024-05-03,41.9589,10.0,30.8512,17.8125,90.1181,25.9504,90.3306,89.9056
2024-05-04,52.2214,60.0,60.6723,17.1875,71.0012,63.0574,56.5882,85.4142
2024-05-05,65.477,58.0,56.6252,97.3333,66.5234,43.5417,98.5062,34.5406
2024-05-06,66.9168,54.0,54.1047,98.0,57.6564,52.3682,50.1653,65.1476
2024-05-07,81.562,64.0,74.2734,100.0,80.5802,69.9245,89.3645,71.796
2024-05-08,70.3953,54.0,66.0563,100.0,61.1054,56.8521,59.1203,63.0905
2024-05-09,56.5249,76.0,68.0161,21.375,67.9543,72.3387,94.8338,41.0747
2024-05-10,71.4081,95.5,92.1533,21.3125,84.7893,95.8844,90.0605,79.5181
2024-05-16,71.0135,56.0,59.6467,100.0,69.9738,52.3822,88.5321,51.4155
2024-05-17,58.7338,34.0,38.0364,96.8333,67.7167,27.3455,59.0739,76.3595
2024-05-18,38.5039,50.0,26.3419,43.5833,48.0095,28.7806,60.8997,35.1194
2024-05-19,55.1325,48.0,38.6489,45.9167,88.2225,39.2163,78.7023,97.7426
2024-05-20,59.1353,28.0,34.3198,100.0,70.8136,24.1066,45.0863,96.541
2024-05-21,71.5187,56.0,71.5129,53.7917,91.0174,70.3376,82.8413,99.1935
2024-05-22,70.0921,50.0,58.7879,100.0,63.4286,54.596,75.8182,51.039
2024-05-23,77.5169,40.0,66.1774,100.0,81.7204,59.7258,97.0557,66.385
2024-05-24,79.662,62.0,72.1387,98.5,74.4976,70.5462,86.5602,62.4349
2024-05-25,61.202,52.0,65.2853,21.625,89.1892,68.9284,96.4865,81.8919
2024-05-26,50.0016,52.0,52.6251,17.0625,71.3804,57.7084,70.7083,72.0525
2024-05-27,71.5614,50.0,65.8287,100.0,69.5505,53.9429,98.6309,40.4701
2024-05-28,63.5315,28.0,44.3909,100.0,74.4148,31.9636,91.3253,57.5043
2024-05-29,74.2583,56.0,65.1316,78.875,86.2133,63.2105,95.495,76.9315
2024-05-30,64.4091,58.0,52.4434,65.75,83.7103,50.6478,95.9953,71.4252
2024-05-31,67.2346,50.0,55.1817,97.1667,62.5634,50.3939,75.6075,49.5194
2024-06-01,64.3996,52.0,57.842,68.9583,75.5194,53.9473,81.5838,69.455
2024-06-02,64.1676,56.0,57.2011,69.5417,79.1943,50.567,92.6298,65.7588
2024-06-03,62.3934,46.0,53.8516,100.0,61.951,37.6172,61.2014,62.7007
2024-06-04,64.4747,50.0,53.3093,59.625,94.3818,47.7698,96.6507,92.1128
2024-06-05,68.174,50.0,45.2653,100.0,82.2265,37.5884,88.5586,75.8945
2024-06-06,76.1829,54.0,70.7966,68.0833,91.4087,71.4322,88.0975,94.7199
2024-06-07,68.3427,58.0,57.0833,96.6667,67.2411,50.1944,74.125,60.3571
2024-06-09,57.0898,50.0,48.0592,40.0833,90.7012,46.0197,84.7259,96.6766
2024-06-10,63.7052,58.0,63.0189,48.5417,84.1671,60.173,95.5849,72.7493
2024-06-11,86.5095,80.5,81.2578,100.0,88.4043,76.2526,83.3585,93.4501
2024-06-12,64.7242,42.0,49.3032,74.7917,85.3414,44.2677,86.8814,83.8015
2024-06-13,70.7864,71.5,53.3839,85.875,92.1854,46.4613,91.9068,92.464
2024-06-14,66.7221,58.0,59.6474,59.3333,86.3702,58.5491,84.8558,87.8846
2024-06-15,60.2803,80.5,68.7625,23.9375,81.1624,70.5875,79.9004,82.4243
2024-06-16,69.2763,50.0,58.6353,100.0,77.8995,43.0451,80.6255,75.1735
2024-06-17,57.8992,50.0,57.8618,21.3125,86.4037,63.2873,92.7837,80.0238
2024-06-18,57.4333,56.0,56.3869,22.4375,85.1357,62.2956,85.2872,84.9842
2024-06-19,58.0163,54.0,41.8474,58.75,84.6334,39.7825,99.7831,69.4837
2024-06-20,56.4742,10.0,41.5845,76.8333,76.5343,29.5282,76.1883,76.8802
2024-06-21,56.2898,58.0,55.6598,22.625,85.5593,59.2199,95.5132,75.6054
2024-06-22,58.1787,50.0,60.466,33.6667,78.2258,61.1553,83.5484,72.9032
2024-06-23,69.9473,74.5,73.3497,54.9583,83.9325,70.6166,96.8054,71.0596
2024-06-24,73.3942,64.0,59.1102,96.375,77.4497,55.3701,83.7643,71.1351
2024-06-25,69.6887,44.0,61.2135,66.625,91.9286,56.9045,94.6441,89.2132
2024-06-26,52.275,46.0,44.7343,23.125,90.7205,46.0781,92.4348,89.0062
2024-06-27,61.1612,40.0,45.8324,73.0417,72.1063,45.9441,99.6928,44.5197
2024-06-28,54.961,56.0,51.6367,43.5833,71.2119,51.7122,59.5116,82.9122
2024-06-29,54.885,42.0,54.7253,19.8125,88.1722,56.0751,78.383,97.9614
2024-06-30,58.7024,42.0,52.8778,51.4583,79.0612,49.9593,88.7081,69.4144
2024-07-01,37.9107,68.0,38.625,10.0,50.125,48.375,60.25,40.0
2024-07-02,57.7467,34.0,44.5926,100.0,57.8171,29.5309,59.92,55.7143
2024-07-03,51.1692,44.0,50.3412,19.6875,83.9843,50.2804,78.5984,89.3701
2024-07-04,83.3913,68.0,79.6885,100.0,77.0254,76.5628,83.0093,71.0414
2024-07-05,63.3713,56.0,40.4736,83.5417,85.0211,35.4912,95.9672,74.0749
2024-07-06,68.6026,64.0,73.2331,49.4167,81.826,72.5777,98.8722,64.7798
2024-07-07,54.9428,48.0,57.6256,29.5833,78.6536,56.0419,62.7671,94.5401
2024-07-08,76.4772,60.0,66.8801,100.0,75.23,61.6267,98.8136,51.6465
2024-07-09,65.9308,56.0,58.8393,91.4167,63.4213,50.6131,67.707,59.1356
2024-07-10,67.0151,70.0,69.6316,43.5833,83.9038,71.3772,92.365,75.4425
2024-07-11,69.3651,50.0,53.34,100.0,74.8577,45.28,87.7149,62.0006
2024-07-12,57.3335,52.0,69.1344,27.8333,71.2668,67.7115,67.1823,75.3512
2024-07-13,70.2347,58.0,64.8769,65.4583,85.4246,63.2923,96.9402,73.9089
2024-07-14,66.3119,50.0,50.0836,84.125,81.6747,44.1945,99.5093,63.8402
2024-07-16,55.4524,52.0,50.2828,26.4375,90.5047,51.4276,81.5994,99.4099
2024-07-17,79.1862,66.0,72.5457,93.1667,81.962,68.0152,81.7721,82.1519
2024-07-18,76.479,58.0,64.0791,96.8333,78.5536,61.5264,75.9313,81.1759
2024-07-19,64.3122,46.0,45.5826,100.0,68.3014,37.8609,65.9756,70.6272
2024-07-21,74.8351,54.0,55.6105,100.0,84.8675,51.3702,95.6327,74.1022
2024-07-31,58.9194,28.0,46.7459,61.9583,83.8865,40.2486,82.3425,85.4306
2024-08-01,61.2292,66.0,67.187,22.4375,88.7713,68.729,94.8306,82.712
2024-08-02,67.3302,40.0,49.2441,95.7917,75.9919,42.5814,69.4357,82.5481
2024-08-03,54.4371,70.0,66.2986,20.75,71.1306,65.7662,76.2577,66.0035
2024-08-04,46.3932,48.0,32.8726,19.25,93.94,32.7909,90.2548,97.6251
2024-08-05,73.495,44.0,50.073,96.375,95.321,43.691,98.5923,92.0498
2024-08-07,63.0991,50.0,60.3586,55.25,75.4174,60.1195,94.9389,55.8959
2024-08-08,63.7023,46.0,50.1279,75.0833,76.8107,47.376,69.3228,84.2986
2024-08-09,49.6287,54.0,52.2647,20.9375,71.3806,54.2549,83.0992,59.6619
2024-08-10,55.7948,56.0,55.2294,20.875,86.0419,58.9098,82.6606,89.4233
2024-08-11,61.5393,62.0,60.5601,18.6875,98.9199,65.1867,98.4007,99.4392
2024-08-12,68.0878,42.0,56.3636,100.0,66.8753,47.6212,81.6727,52.0779
2024-08-13,66.1945,40.0,41.9491,100.0,85.7063,30.6497,72.3464,99.0662
2024-08-14,69.2928,64.0,67.8049,55.8333,84.2892,68.2683,74.5366,94.0418
2024-08-15,67.7965,50.0,58.4314,64.5833,84.2386,58.9771,99.7882,68.6891
2024-08-16,74.0859,56.0,61.0997,98.3333,77.9175,55.3666,86.4536,69.3815
2024-08-17,71.5102,42.0,61.4415,86.4583,76.3568,58.3138,80.4433,72.2703
2024-08-18,49.1526,56.0,44.3357,25.5208,72.5954,49.2786,91.3147,53.8761
2024-08-19,69.6442,34.0,50.6111,100.0,84.4492,39.537,95.548,73.3504
2024-08-20,50.722,58.0,45.9834,22.6875,82.0979,48.4945,75.8858,88.31
2024-08-24,79.9297,60.0,70.6522,100.0,83.1779,64.3841,96.9973,69.3585
2024-08-25,71.8386,66.0,67.2728,100.0,63.2987,58.7576,78.7273,47.8701
2024-08-26,61.1708,77.5,79.4555,14.4375,76.4325,82.1518,65.5354,87.3295
2024-08-27,48.2532,50.0,52.819,21.3125,68.6644,52.6063,72.0878,65.241
2024-08-28,64.001,60.0,71.9673,23.3125,86.9573,75.8224,88.961,84.9536
2024-08-29,46.0792,52.0,44.5862,31.625,62.1089,45.0287,50.0543,74.1636
2024-08-30,59.307,62.0,59.2541,25.5208,89.4266,61.7514,84.5175,94.3357
2024-08-31,52.1651,62.0,57.9488,20.625,72.2286,59.8163,62.0615,82.3956
2024-09-01,68.1519,56.0,67.2997,53.2083,84.9234,66.9332,93.8964,75.9503
2024-09-02,71.1347,34.0,51.7031,100.0,88.3698,40.401,98.7475,77.9921
2024-09-03,68.7081,88.0,83.6793,17.9375,91.951,87.0598,93.0313,90.8708
2024-09-04,55.3089,42.0,44.4628,28.4167,95.183,46.6543,95.2893,95.0767
2024-09-05,63.428,60.0,65.9649,38.3333,86.4323,64.8216,84.3684,88.4962
2024-09-06,65.452,83.5,76.875,40.6667,72.4777,77.2917,88.75,56.2054
2024-09-07,58.7469,83.5,83.1496,11.75,65.0394,85.8832,90.0787,40.0
2024-09-09,88.9351,82.0,86.5568,98.5,84.4946,85.5189,94.9022,74.0871
2024-09-10,80.8213,68.0,75.4129,100.0,75.4181,71.6376,82.3303,68.5059
2024-09-11,76.2387,54.0,67.8157,100.0,79.9274,57.9386,63.3555,96.4993
2024-09-12,70.7869,68.0,71.2773,66.3333,79.032,68.2591,95.7944,62.2697
2024-09-13,80.4516,58.0,75.5128,100.0,73.0742,72.3376,83.7308,62.4176
2024-09-14,75.957,71.5,74.0798,100.0,64.0596,67.8599,77.4131,50.706
2024-09-15,77.7326,86.5,85.6872,62.8333,77.6371,87.7291,86.7773,68.4969
2024-09-16,73.25,66.0,71.6667,68.6667,86.875,67.2222,84.5833,89.1667
2024-09-17,51.039,62.0,54.5444,15.4375,72.1769,60.6815,50.0,94.3538
2024-09-18,73.226,60.0,68.6836,69.25,88.4494,65.7279,91.4781,85.4207
2024-09-19,53.4818,66.0,71.2281,15.625,58.9474,75.076,70.0,47.8947
2024-09-20,63.2165,66.0,70.1313,46.2083,72.7337,68.2104,87.7637,57.7038
2024-09-21,59.7925,56.0,45.34,51.1667,90.4371,45.1133,92.8358,88.0384
2024-09-22,60.6873,58.0,47.3734,64.2917,79.1772,45.9578,95.6537,62.7007
2024-09-23,66.11,66.0,72.8802,57.0,72.1949,68.1267,79.466,64.9237
2024-09-24,60.7115,56.0,48.8942,61.0833,76.7099,49.7981,88.1861,65.2336
2024-09-25,61.4446,64.0,70.0088,36.5833,76.4684,68.0029,80.1857,72.751
2024-09-27,57.8609,40.0,40.0897,76.8333,69.385,37.5299,94.7534,44.0167
2024-09-28,70.8077,50.0,67.2024,78.0,67.2258,68.4008,50.9821,83.4694
2024-09-30,78.2063,66.0,68.8889,100.0,81.0277,61.7963,80.9254,81.1301
2024-10-01,70.0091,62.0,72.1711,57.5833,78.6129,72.557,98.0387,59.1871
2024-10-02,50.6955,40.0,43.6816,51.1667,68.177,38.7272,48.9552,87.3987
2024-10-03,74.2921,58.0,68.0748,87.3333,72.4015,66.8583,78.2759,66.5271
2024-10-04,59.1844,22.0,37.8148,98.6667,73.5714,23.2716,80.0,67.1429
2024-10-05,56.2653,42.0,39.8874,80.9167,64.0681,34.6291,79.5364,48.5998
2024-10-06,74.0986,66.0,57.9974,100.0,79.5963,53.1658,62.2925,96.9001
2024-10-07,57.6588,16.0,41.5012,57.5833,99.2217,30.0004,99.3463,99.0972
2024-10-08,57.9724,64.0,71.0871,20.4375,70.1722,74.8624,61.1901,79.1543
2024-10-09,67.0406,70.0,70.5122,48.25,83.3861,68.6707,86.1713,80.6009
2024-10-11,46.2772,52.0,36.9189,32.5,77.7606,34.473,78.1081,77.4131
2024-10-12,75.9714,58.0,73.1996,78.2917,83.2585,69.5665,84.8495,81.6675
2024-10-13,75.8384,52.0,64.153,99.3333,76.0246,60.051,68.2787,83.7705
2024-10-14,82.9949,56.0,67.7436,100.0,96.6105,62.5812,99.554,93.667
2024-10-16,74.0131,54.0,61.1413,96.0833,82.3919,53.7138,85.5324,79.2514
2024-10-17,69.5249,44.0,52.5367,94.9167,78.6523,46.5122,85.8491,71.4555
2024-10-18,67.3857,46.0,48.0652,100.0,74.0674,41.1884,79.0509,69.0838
2024-10-19,64.6842,42.0,51.5774,78.0,75.6059,48.5258,77.5,73.7117
2024-10-20,77.1293,62.0,71.5712,100.0,76.4171,62.3571,82.33,70.5042
2024-10-21,72.2731,44.0,54.1339,100.0,84.6389,45.5446,86.1049,83.1728
2024-10-22,56.392,46.0,46.2577,54.375,73.1183,46.5859,85.7546,60.482
2024-10-23,57.3918,52.0,63.1941,26.2083,72.316,68.2314,75.1811,69.4509
2024-10-24,68.4576,42.0,53.6954,90.5417,77.4623,47.7318,98.3706,56.5541
2024-10-25,77.6397,60.0,68.9294,100.0,78.2742,62.3098,92.1168,64.4317
2024-10-27,64.1704,60.0,68.1745,70.7083,54.8007,66.0582,60.6315,48.97
2024-10-28,63.9748,42.0,43.5514,100.0,76.1362,31.8505,99.4953,52.777
2024-10-29,53.8445,34.0,43.9475,24.6042,97.3779,44.3158,95.0633,99.6926
2024-10-30,51.7542,42.0,40.0644,58.1667,69.441,35.6881,50.0,88.882
2024-10-31,66.3228,40.0,53.3189,85.5833,64.8869,54.4396,74.0347,55.7391
2024-11-01,59.3446,48.0,53.6196,54.375,72.7713,53.7065,71.1779,74.3646
2024-11-02,59.519,64.0,63.5963,23.5625,85.206,66.3654,70.4304,99.9816
2024-11-03,71.6997,62.0,73.7984,67.5,76.0498,71.5995,75.7209,76.3787
2024-11-04,70.4327,66.0,69.6094,100.0,63.2098,55.5365,77.3839,49.0357
2024-11-05,73.8718,44.0,60.6172,100.0,77.9928,53.7057,88.4571,67.5286
2024-11-06,74.0052,60.0,68.9858,84.125,74.6503,66.8286,94.9945,54.306
2024-11-07,77.5778,44.0,60.8552,100.0,82.5948,59.2851,85.2187,79.9709
2024-11-08,53.5972,66.0,67.311,11.6875,64.497,74.2703,66.8047,62.1893
2024-11-09,51.5265,62.0,78.027,20.125,43.2043,78.009,30.7477,55.6609
2024-11-10,63.7454,58.0,64.6486,64.2917,69.2428,59.7162,64.2756,74.21
2024-11-11,64.6266,70.0,73.4631,26.4375,91.5239,72.1544,84.3533,98.6946
2024-11-12,70.197,52.0,64.2783,58.4583,91.8421,63.5928,99.24,84.4443
2024-11-13,71.7082,58.0,73.2442,78.5833,59.0232,75.5814,68.5301,49.5164
2024-11-14,63.9505,60.0,74.4813,36.875,80.9612,70.6604,76.9934,84.929
2024-11-15,61.271,83.5,77.9452,16.5,74.726,82.1484,58.0822,91.3699
2024-11-16,74.3141,64.0,73.4952,100.0,59.3517,67.1651,62.605,56.0984
2024-11-17,58.5972,54.0,56.9441,30.4583,90.1598,56.3147,91.0368,89.2828
2024-11-18,67.6202,58.0,70.4041,47.6667,90.5519,65.6347,85.9091,95.1948
2024-11-19,69.174,60.0,73.0311,48.25,84.8435,72.677,97.5063,72.1806
2024-11-20,75.895,54.0,66.9511,100.0,75.4068,60.1504,85.4731,65.3406
2024-11-21,59.1674,54.0,58.3928,53.7917,70.3479,55.2976,82.6199,58.0759
2024-11-22,73.4508,34.0,60.7018,82.6667,89.0602,56.9006,89.7368,88.3835
2024-11-23,66.8311,62.0,54.1527,100.0,70.8324,42.0509,76.6464,65.0184
2024-11-24,49.4685,70.0,65.3246,18.1875,53.79,67.4415,54.7791,52.801
2024-11-25,86.2067,66.0,73.3458,100.0,96.3007,70.282,98.7348,93.8667
2024-11-26,63.3875,66.0,70.7298,63.125,53.8664,69.9099,46.0,61.7329
2024-11-27,81.7579,68.0,70.9401,99.1667,83.2659,69.1467,81.6308,84.9011
2024-11-28,73.6438,56.0,65.9208,100.0,68.5429,59.4736,64.6401,72.4458
2024-11-29,82.3693,68.0,76.2608,100.0,80.4123,71.9203,88.6961,72.1285
2024-11-30,56.2637,66.0,70.3226,18.75,70.5115,71.7742,60.5161,80.5069
2024-12-01,77.3699,60.0,65.7557,100.0,82.6669,58.7519,76.1097,89.2242
2024-12-02,68.8512,52.0,50.8787,84.4167,88.1233,45.6262,99.0196,77.2269
2024-12-03,54.4166,34.0,43.0738,60.2083,79.213,34.0246,92.994,65.432
2024-12-04,62.8475,22.0,55.2391,91.125,67.2218,41.0797,68.1509,66.2927
2024-12-05,61.3866,66.0,71.1271,23.4375,81.852,73.0424,90.8058,72.8983
2024-12-06,73.2493,54.0,65.0242,78.2917,82.0688,64.0081,83.0435,81.0941
2024-12-07,80.2359,56.0,71.2724,94.0417,82.8977,69.2575,84.9527,80.8427
2024-12-08,58.4902,68.0,59.5699,18.75,87.9309,65.3566,89.5484,86.3134
2024-12-09,65.273,56.0,62.9736,59.9167,82.3022,57.4912,76.9065,87.6978
2024-12-10,73.9172,58.0,61.6682,100.0,75.1261,55.7227,86.4706,63.7815
2024-12-11,66.1109,56.0,65.2234,71.2917,69.7349,60.2411,61.134,78.3358
2024-12-12,70.8792,60.0,63.7785,67.7917,86.3962,62.5928,91.115,81.6775
2024-12-13,65.5274,83.5,72.581,19.875,93.4304,77.3603,88.9969,97.8639
2024-12-14,70.666,50.0,58.1663,66.9167,98.8312,54.3888,99.3706,98.2917
2024-12-15,51.0706,48.0,51.3911,19.6875,76.6142,54.9637,86.5354,66.6929
2024-12-16,65.8595,48.0,47.6215,100.0,77.6977,35.2072,99.4693,55.9261
2024-12-17,69.6295,60.0,66.2745,64.5833,78.7328,66.9248,84.5412,72.9244
2024-12-18,73.4152,52.0,59.0262,100.0,80.6902,50.8421,90.2247,71.1557
2024-12-19,60.6328,56.0,50.9114,50.2917,81.7175,53.4705,91.7978,71.6372
2024-12-20,60.4669,66.0,69.7287,23.0,82.7699,70.5762,89.0116,76.5282
2024-12-21,66.4777,54.0,60.285,62.25,81.2793,59.4283,74.5606,87.998
2024-12-22,74.4017,70.0,69.5217,82.9583,77.1867,66.8406,80.9748,73.3985
2024-12-23,55.7969,64.0,66.3071,27.5417,64.594,68.769,82.1992,46.9887
2024-12-24,61.5272,34.0,55.0499,60.2083,73.3618,54.5166,80.0599,66.6638
2024-12-25,67.5483,58.0,58.5088,82.6667,75.4981,52.1696,84.6053,66.391
2024-12-26,71.3649,60.0,62.9787,90.8333,66.9544,61.3262,73.5745,60.3344
2024-12-27,52.9366,40.0,40.8286,24.25,96.1138,43.2762,95.9322,96.2954
2024-12-28,69.5826,62.0,62.1885,100.0,64.445,52.7295,64.5941,64.2959
2024-12-29,73.034,56.0,66.123,88.5,71.0576,64.041,86.867,55.2483
2024-12-30,74.0572,60.0,59.4068,100.0,83.9968,50.1356,89.3529,78.6408
2024-12-31,75.4535,66.0,70.7801,77.125,83.5722,68.9267,92.6428,74.5017
2025-01-01,64.1157,58.0,65.8399,37.75,79.9849,71.1133,71.2665,88.7034
2025-01-02,76.2815,62.0,70.6725,85.5833,74.8156,71.0575,88.872,60.7592
2025-01-03,69.543,64.0,65.3933,76.25,77.2039,59.9644,77.9551,76.4527
2025-01-04,68.1338,46.0,57.0468,82.6667,85.0282,47.1823,78.2895,91.7669
2025-01-05,50.486,58.0,64.153,30.1667,48.9578,65.051,47.8689,50.0468
2025-01-06,74.0416,50.0,60.2236,94.9167,81.6172,55.0745,93.3962,69.8383
2025-01-07,71.4876,48.0,58.861,100.0,70.776,52.9537,75.6824,65.8695
2025-01-08,53.4848,54.0,59.7041,26.9583,66.1363,62.7347,65.9223,66.3503
2025-01-09,59.8551,60.0,54.8538,66.0417,63.7744,53.1179,74.8421,52.7068
2025-01-10,59.9209,56.0,64.8965,37.4583,76.8164,63.6322,58.0317,95.6011
2025-01-11,53.8553,58.0,69.1954,28.125,58.0207,68.2318,76.0414,40.0
2025-01-12,69.1217,54.0,62.1901,100.0,72.081,46.5634,73.3574,70.8045
2025-01-13,63.7656,66.0,64.1106,41.8333,89.5411,61.2035,86.4767,92.6055
2025-01-14,67.329,44.0,55.5556,79.1667,75.4571,54.0185,79.2,71.7143
2025-01-15,60.587,60.0,63.3333,38.3333,82.3045,60.9444,91.0,73.609
2025-01-16,62.858,66.0,62.6667,35.4167,90.5029,62.7222,88.72,92.2857
2025-01-17,80.6925,54.0,63.9756,100.0,80.936,67.6585,72.069,89.8029
2025-01-19,39.6148,28.0,32.375,22.0,76.9643,26.4583,74.2857,79.6429
2025-01-20,76.3717,64.0,63.3155,88.7917,88.8516,59.7718,96.045,81.6582
2025-01-21,62.369,62.0,57.7134,68.375,69.3097,53.7378,69.0267,69.5928
2025-01-22,57.757,44.0,37.6028,66.3333,81.0147,36.5343,86.5421,75.4873
2025-01-23,60.7886,68.0,59.5436,55.25,66.2382,60.8479,79.0954,53.3811
2025-01-24,58.4144,44.0,46.5148,72.75,64.9431,44.5049,74.7836,55.1025
2025-01-25,56.8966,40.0,36.0,79.1667,76.9714,28.6667,86.8,67.1429
2025-01-26,74.3982,58.0,55.6473,100.0,89.5702,47.2158,95.3097,83.8306
2025-01-27,80.4701,66.0,70.5983,100.0,82.0964,66.3661,94.8521,69.3407
2025-01-28,72.8657,40.0,53.0352,100.0,79.5122,50.3451,79.5122,79.5122
2025-01-29,71.4425,50.0,56.5825,100.0,71.5074,52.3608,64.2189,78.7959
2025-01-30,82.9474,70.0,80.8818,92.2917,79.3333,79.1273,68.6667,90.0
2025-01-31,65.3745,50.0,55.9978,100.0,68.5618,40.1659,74.6543,62.4693
2025-02-01,56.1441,58.0,54.9676,12.125,92.1456,61.4892,91.2451,93.0461
2025-02-02,69.09,62.0,51.806,85.2917,90.8702,43.7687,83.8762,97.8641
2025-02-03,79.2428,62.0,65.3629,100.0,89.9183,58.2876,81.4022,98.4344
2025-02-04,78.0441,58.0,67.5817,100.0,80.6134,61.6939,92.2353,68.9916
2025-02-05,77.1176,70.0,74.5326,92.2917,70.3537,71.5109,61.0476,79.6599
2025-02-06,73.6609,66.0,78.8651,47.9583,89.6721,80.1217,96.7087,82.6356
2025-02-07,73.7082,58.0,66.837,100.0,62.0601,63.9457,67.6424,56.4777
2025-02-08,53.2828,46.0,44.1509,33.0833,86.831,44.3836,88.1132,85.5487
2025-02-09,70.1249,71.5,77.0923,47.375,84.2659,75.8641,81.909,86.6227
2025-02-10,72.3102,62.0,64.345,90.5417,74.1214,58.9483,84.5687,63.6741
2025-02-11,43.9346,10.0,30.8125,59.3333,69.0316,16.9375,53.2692,84.794
2025-02-12,78.5603,58.0,69.0295,100.0,94.4462,53.6765,93.4494,95.443
2025-02-13,80.0556,60.0,72.3977,100.0,78.2456,67.9659,86.8421,69.6491
2025-02-14,58.8706,74.5,64.954,23.0625,82.7576,66.818,77.1408,88.3745
2025-02-15,62.0986,46.0,53.9838,55.8333,87.77,49.1613,80.2439,95.2962
2025-02-16,61.2967,66.0,68.5645,22.8125,81.9437,73.1882,88.5694,75.318
2025-02-17,77.1288,66.0,70.2991,83.25,84.3014,68.2664,70.2626,98.3401
2025-02-18,68.6958,56.0,61.5159,68.0833,76.3441,64.0053,81.8329,70.8552
2025-02-19,75.8879,62.0,68.2375,75.375,87.1139,68.7458,99.2897,74.938
2025-02-20,59.385,66.0,63.5145,31.3333,82.007,63.0048,94.6196,69.3944
2025-02-21,73.1106,54.0,65.8256,66.3333,85.6409,69.2752,95.7944,75.4873
2025-02-22,69.6317,34.0,49.7048,100.0,96.1086,31.7349,97.7558,94.4614
2025-02-23,55.8082,50.0,37.4647,72.75,73.8464,32.4882,79.7039,67.9889
2025-02-24,68.2575,34.0,47.6963,100.0,78.8031,40.0654,85.0579,72.5483
2025-02-25,61.0711,10.0,37.4986,100.0,80.4994,22.1662,79.9187,81.0802
2025-02-27,43.7673,46.0,34.944,17.9375,80.0259,36.8147,80.5766,79.4752
2025-02-28,71.0034,62.0,58.6885,83.5417,80.8759,56.0628,87.1148,74.637
2025-03-01,56.2039,60.0,55.641,29.0,83.8933,55.8803,87.1429,80.6437
2025-03-02,46.1066,16.0,36.4881,49.125,77.254,23.3294,83.8519,70.656
2025-03-03,66.9395,28.0,50.1506,100.0,72.2131,41.3835,87.9628,56.4634
2025-03-04,54.2602,50.0,43.1579,18.0,97.0818,49.886,97.0395,97.1241
2025-03-05,57.0054,40.0,35.3333,79.1667,77.6857,28.4444,76.8,78.5714
2025-03-06,56.2312,40.0,43.644,48.25,84.4872,42.7147,78.0101,90.9644
2025-03-07,58.5837,68.0,66.1357,15.3125,84.6625,70.0452,93.7876,75.5373
2025-03-08,71.8255,42.0,55.4371,100.0,84.9208,44.3124,98.3749,71.4667
2025-03-09,64.4396,28.0,48.5288,77.7083,83.5658,42.8429,91.0503,76.0814
2025-03-10,57.4953,28.0,43.6625,100.0,54.4021,31.2208,52.4545,56.3498
2025-03-11,60.7154,16.0,37.7222,100.0,80.6429,21.2407,77.0,84.2857
2025-03-12,46.0016,42.0,35.0358,28.7083,76.7793,37.0119,61.4993,92.0593
2025-03-13,47.0758,64.0,45.7984,23.1875,61.4286,53.4328,60.0145,62.8427
2025-03-14,67.7053,50.0,54.0586,95.5,74.6892,44.5195,79.6653,69.7131
2025-03-15,41.5994,40.0,34.0719,24.3125,77.7493,29.024,78.0395,77.4592
2025-03-16,49.8036,44.0,48.3929,53.2083,55.6579,43.631,54.3896,56.9262
2025-03-17,61.6426,44.0,41.4108,100.0,68.0439,31.8036,63.7759,72.3118
2025-03-18,80.6241,56.0,64.7504,100.0,87.5593,63.0835,97.4494,77.6692
2025-03-19,44.6816,16.0,28.9242,62.8333,66.09,18.3081,70.9953,61.1848
2025-03-20,65.8946,40.0,48.509,99.5,66.8767,42.8363,73.7462,60.0073
2025-03-22,58.5369,22.0,28.7769,100.0,74.4906,20.259,90.3187,58.6625
2025-03-23,70.9005,54.0,44.6121,91.125,96.7208,40.204,94.3571,99.0846
2025-03-24,54.8648,44.0,48.75,20.0,93.6518,52.25,97.75,89.5536
2025-03-25,59.0099,10.0,29.4417,99.6667,82.1472,16.4806,65.9509,98.3436
2025-03-26,38.208,10.0,17.086,60.7917,54.3932,12.362,68.0645,40.722
2025-03-27,52.9079,10.0,23.7623,100.0,63.2966,14.5874,62.6278,63.9654
2025-03-28,58.7458,28.0,43.5427,100.0,61.8388,29.1809,51.6351,72.0424
2025-03-29,58.373,44.0,54.015,36.2917,87.0063,54.005,98.4462,75.5663
2025-03-30,63.7518,52.0,50.3963,66.9167,83.5165,48.4654,97.6923,69.3407
2025-03-31,51.657,48.0,39.3304,47.9583,84.1758,32.4435,83.7705,84.5812
2025-04-01,69.2333,50.0,48.3944,100.0,88.1195,36.1315,89.9464,86.2926
2025-04-02,65.9724,40.0,35.8866,100.0,87.9602,28.6289,98.7629,77.1576
2025-04-03,78.891,64.0,70.5068,89.0833,84.0318,68.6689,83.2334,84.8302
2025-04-04,57.9505,62.0,57.6327,40.0833,75.4271,58.2109,93.1854,57.6688
2025-04-05,52.4505,56.0,52.1354,12.0,79.5089,61.3785,91.5625,67.4554
2025-04-06,68.0052,54.0,54.0082,78.875,83.639,50.3361,95.495,71.7829
2025-04-07,71.7611,52.0,53.4889,100.0,85.9195,43.4963,89.8205,82.0185
2025-04-08,65.6961,40.0,39.633,100.0,83.6198,30.8777,82.8008,84.4388
2025-04-09,56.1392,52.0,64.2843,21.625,77.2201,65.0948,92.7027,61.7375
2025-04-10,68.2288,46.0,59.0347,74.5,79.7835,56.3449,86.1539,73.4131
2025-04-11,46.6605,68.0,42.6932,17.75,70.965,49.7311,83.9073,58.0227
2025-04-14,71.5844,76.0,75.7623,39.2083,95.9558,76.9208,94.9279,96.9837
2025-04-15,57.4507,58.0,36.125,96.6667,52.3482,34.7083,48.625,56.0714
2025-04-16,69.2903,34.0,48.9951,100.0,86.2684,37.4984,83.125,89.4118
2025-04-17,77.8408,60.0,64.4401,100.0,88.7229,55.8134,87.4232,90.0227
2025-04-18,54.3052,48.0,48.3858,23.625,93.0004,48.9619,86.8481,99.1527
2025-04-19,73.3248,50.0,63.7209,100.0,72.2764,56.2403,77.1442,67.4086
2025-04-20,48.5432,44.0,42.0482,21.5,76.3769,48.0161,81.5663,71.1876
2025-04-21,82.2565,73.0,81.1364,100.0,69.8296,78.7121,58.0682,81.5909
2025-04-22,80.2805,66.0,80.4202,94.3333,67.9382,79.1401,76.1765,59.6999
2025-04-23,63.1462,85.0,82.0676,21.3125,72.1656,85.0225,77.534,66.7971
2025-04-24,85.0541,77.5,77.8937,100.0,78.9927,79.1312,94.8546,63.1308
2025-04-25,75.1497,50.0,61.3333,100.0,72.3571,60.4444,94.6,50.1143
2025-04-27,63.6348,85.0,76.9697,21.25,86.987,76.3232,74.3636,99.6104
2025-04-28,56.6537,66.0,54.2616,24.6042,92.8029,53.9205,87.4684,98.1374
2025-04-29,66.7188,46.0,46.0958,100.0,77.9679,37.0319,73.0257,82.9102
2025-04-30,47.7414,52.0,48.4109,23.0,69.3895,49.8036,53.4302,85.3488
2025-05-01,54.2336,10.0,32.3548,87.9167,75.7235,17.4516,72.3226,79.1244
2025-05-02,57.3612,54.0,53.483,50.5833,74.1895,50.661,80.0249,68.3541
2025-05-04,73.0566,54.0,66.4198,100.0,62.7381,61.9733,71.6667,53.8095
2025-05-05,70.2486,64.0,67.8603,56.125,87.3151,68.2868,91.3398,83.2904
2025-05-06,64.6907,48.0,56.273,85.875,63.1559,51.591,73.9653,52.3464
2025-05-07,77.1537,58.0,65.3983,80.3333,90.7554,65.9661,99.6018,81.909
2025-05-08,73.6763,50.0,60.3532,80.9167,86.7739,60.1177,99.404,74.1438
2025-05-09,59.4656,86.5,67.8998,26.4375,81.4922,66.7999,73.5883,89.396
2025-05-11,74.0518,42.0,64.4558,100.0,65.7033,62.3186,81.509,49.8977
2025-05-12,62.1249,60.0,73.3866,35.7083,75.5355,70.7955,68.482,82.5889
2025-05-13,69.1518,44.0,51.9601,70.125,92.6763,52.82,89.5397,95.8129
2025-05-14,57.4295,56.0,59.8949,38.625,73.9309,58.965,79.067,68.7948
2025-05-15,66.8263,34.0,54.7896,82.375,73.6224,51.9299,50.3074,96.9374
2025-05-16,73.4931,56.0,68.0332,74.2083,79.2509,69.1777,85.017,73.4849
2025-05-17,58.745,64.0,64.1164,33.9583,77.8408,62.5388,65.0872,90.5944
2025-05-18,77.8598,52.0,65.937,100.0,85.2907,58.1457,80.7203,89.861
2025-05-19,70.981,66.0,68.2883,75.6667,74.3726,65.5961,90.6757,58.0695
2025-05-20,78.7902,79.0,80.7045,78.875,76.7885,80.0682,84.0823,69.4947
2025-05-21,64.9635,52.0,64.5156,71.5833,60.2811,63.6719,58.1922,62.3701
2025-05-22,75.127,48.0,59.2608,99.0,79.0642,56.5869,94.271,63.8574
2025-05-23,76.0718,54.0,61.4581,94.0417,86.9806,56.8194,93.6593,80.3019
2025-05-24,78.5131,56.0,59.6554,100.0,91.7183,55.3851,91.5905,91.8461
2025-05-26,54.2487,60.0,59.5535,21.0625,74.0313,63.1845,63.6986,84.364
2025-05-27,68.621,82.0,83.9216,34.8333,74.6295,87.1405,82.1925,67.0665
2025-05-28,62.8888,68.0,68.3015,22.5625,86.8974,73.7672,83.7445,90.0504
2025-05-29,42.0542,66.0,38.8436,29.2917,60.4762,38.2812,60.8642,60.0882
2025-05-30,58.4837,62.0,61.4815,26.6667,79.7857,65.4938,76.0,83.5714
2025-05-31,67.6665,56.0,59.9661,46.2083,94.6415,63.9887,93.0241,96.2589
2025-06-01,44.8827,58.0,50.1755,21.5625,56.189,52.8918,59.2632,53.1149
2025-06-02,70.8145,60.0,54.4665,80.9167,85.9508,53.9888,80.7285,91.1731
2025-06-03,52.5479,68.0,62.197,24.0,61.319,65.7323,53.4659,69.1721
2025-06-04,84.2536,68.0,78.1716,93.1667,94.3852,71.5572,89.3671,99.4033
2025-06-05,80.0192,62.0,73.8163,82.375,87.284,73.6054,74.8079,99.7601
2025-06-06,70.1802,56.0,64.8752,81.5,69.4431,63.1251,80.1762,58.7099
2025-06-07,62.1407,54.0,55.9949,43.875,84.3701,59.4983,83.4788,85.2613
2025-06-08,65.3852,40.0,42.931,87.3333,91.2993,33.477,92.2414,90.3571
2025-06-09,56.3978,28.0,48.5624,62.8333,77.0278,38.3541,56.9194,97.1361
2025-06-10,75.3996,68.0,68.3693,100.0,67.464,64.2898,63.4173,71.5108
2025-06-11,71.8371,60.0,60.0,71.875,86.8049,61.8333,92.4914,81.1184
2025-06-12,70.5353,60.0,65.0036,90.25,63.6217,62.0012,55.2878,71.9555
2025-06-13,74.9601,56.0,70.1515,73.3333,84.9513,69.3838,93.8636,76.039
2025-06-14,51.594,58.0,60.0761,23.8125,68.7284,58.692,47.4893,89.9674
2025-06-15,78.585,46.0,60.9287,100.0,91.0832,55.9762,94.0,88.1663
2025-06-16,70.1133,64.0,73.3653,59.9167,78.0473,71.6218,75.1799,80.9147
2025-06-17,77.0192,50.0,63.688,100.0,83.7234,57.2293,87.234,80.2128
2025-06-18,62.6928,58.0,68.8339,52.625,66.1328,67.1113,62.5093,69.7563
2025-06-19,69.2987,52.0,56.9744,78.875,91.4333,48.1581,94.4939,88.3728
2025-06-20,63.2857,71.5,85.4727,21.875,71.1386,85.6576,84.6866,57.5906
2025-06-21,58.1867,74.5,67.187,22.4375,76.1225,70.0623,83.1664,69.0785
2025-06-22,64.4616,76.0,79.2958,15.5,85.4678,83.0986,74.0141,96.9215
2025-06-23,74.4273,42.0,63.2179,100.0,72.1365,58.906,66.6172,77.6558
2025-06-24,68.102,54.0,60.1542,68.9583,81.8216,58.3847,92.4046,71.2386
2025-06-25,61.5709,48.0,43.8889,68.6667,81.6369,43.463,93.75,69.5238
2025-06-26,79.9476,58.0,63.3496,100.0,86.3917,62.2832,88.1694,84.614
2025-06-27,74.5567,60.0,59.1878,100.0,82.1044,52.5626,77.9797,86.2292
2025-06-28,76.4938,60.0,70.1099,82.0833,75.8399,73.2033,93.0769,58.6028
2025-06-29,61.7745,68.0,65.9849,24.0,85.7184,70.995,86.1932,85.2435
2025-06-30,65.3429,54.0,59.05,100.0,60.4253,45.5167,60.687,60.1636
2025-07-01,65.5032,86.5,80.3195,19.125,84.2264,83.9398,77.8594,90.5933
2025-07-02,78.5219,62.0,78.0829,100.0,67.5351,71.5276,82.1336,52.9367
2025-07-03,75.5093,64.0,79.6475,64.875,86.5838,75.2158,89.53,83.6377
2025-07-04,86.3407,68.0,78.2126,100.0,89.5861,75.0709,94.666,84.5061
2025-07-07,72.1006,80.5,83.3906,37.4583,87.4486,84.9635,86.8032,88.094
2025-07-08,66.2415,64.0,56.81,67.7917,83.6486,53.6033,96.9687,70.3285
2025-07-09,61.3566,58.0,60.0953,61.375,69.0754,56.1984,71.3588,66.7921
2025-07-10,75.0931,48.0,57.884,100.0,90.6337,48.128,89.1587,92.1087
2025-07-11,71.7908,86.5,82.578,31.625,94.8537,83.1927,91.0855,98.6218
2025-07-12,57.2523,80.5,82.5641,16.5625,54.5385,86.188,69.0769,40.0
2025-07-13,70.5862,62.0,65.2853,75.6667,77.9923,62.2618,96.7568,59.2278
2025-07-14,65.926,54.0,74.313,50.875,76.9596,68.6043,87.5591,66.3601
2025-07-15,61.6002,54.0,51.4646,100.0,53.3685,41.4882,65.5682,41.1688
2025-07-16,70.8448,66.0,65.2486,55.25,98.0824,63.0829,96.6993,99.4656
2025-07-17,80.2143,52.0,59.223,96.8333,98.5551,56.9077,99.3444,97.7657
2025-07-18,66.4793,44.0,43.0423,100.0,84.1563,32.3474,93.9209,74.3916
2025-07-19,70.0744,68.0,67.9747,100.0,55.7731,59.6582,66.962,44.5841
2025-07-21,70.9322,62.0,56.7462,100.0,78.6396,46.4154,66.3395,90.9398
2025-07-22,65.3482,46.0,56.7962,64.2917,87.7789,51.0987,96.5018,79.056
2025-07-23,59.5891,28.0,41.2121,100.0,68.9558,26.404,64.3273,73.5844
2025-07-24,83.6975,62.0,72.0602,94.625,90.2863,72.0201,91.7838,88.7888
2025-07-25,68.9646,68.0,69.7705,66.625,74.6158,66.7568,85.8226,63.4089
2025-07-26,65.2088,46.0,47.2011,100.0,76.6304,34.4004,77.8156,75.4452
2025-07-27,75.055,64.0,67.3097,100.0,74.0377,59.1032,64.4569,83.6186
2025-07-28,78.8084,52.0,59.2208,86.1667,98.3024,60.9069,99.2208,97.384
2025-07-29,36.5153,44.0,10.0,10.0,85.8036,21.3333,81.25,90.3571
2025-07-30,62.4419,52.0,66.385,65.1667,62.9376,60.295,59.0141,66.8612
2025-07-31,77.1352,62.0,71.7563,87.9167,79.4286,68.4188,92.4516,66.4055
2025-08-01,79.5809,64.0,75.5975,100.0,73.7344,69.8658,84.0995,63.3693
2025-08-02,44.7104,48.0,36.7131,24.6042,77.7758,36.071,66.7089,88.8427
2025-08-04,80.7679,74.5,74.809,100.0,79.0332,69.103,85.1028,72.9635
2025-08-05,58.4314,42.0,38.9676,100.0,59.0263,30.3225,75.205,42.8476
2025-08-06,72.5393,58.0,62.8054,74.5,85.4848,62.6018,73.1222,97.8475
2025-08-07,55.0214,77.5,62.3891,38.0417,63.0887,60.963,53.1621,73.0152
2025-08-08,79.8173,50.0,67.7604,100.0,89.9805,59.5868,85.5859,94.375
2025-08-09,69.3787,60.0,65.7143,82.0833,62.135,65.7381,71.3187,52.9513
2025-08-10,70.218,50.0,55.7026,89.9583,84.4534,47.5675,90.2988,78.608
2025-08-11,56.8366,48.0,50.4846,100.0,44.686,36.1615,49.0132,40.3587
2025-08-12,64.0883,58.0,60.2574,58.4583,80.722,56.7525,79.4813,81.9628
2025-08-13,48.099,40.0,44.4668,23.5625,87.0506,38.4889,80.7604,93.3409
2025-08-15,69.6845,52.0,56.4073,100.0,65.942,51.9691,71.1385,60.7455
2025-08-16,72.0229,50.0,56.2762,100.0,78.9421,48.7587,93.6757,64.2085
2025-08-17,65.594,74.5,79.7416,42.4167,67.5415,79.7472,59.3023,75.7807
2025-08-18,57.9927,40.0,53.3781,33.9583,81.3269,58.4594,91.906,70.7478
2025-08-20,65.3793,42.0,49.11,95.2083,70.3141,42.2033,74.0838,66.5445
2025-08-21,55.2574,50.0,56.5568,29.0,76.1225,58.8523,82.1978,70.0471
2025-08-22,71.5621,66.0,67.0588,64.5833,87.3546,65.6863,99.3647,75.3445
2025-08-23,69.0599,52.0,52.3895,78.2917,91.9733,47.6298,89.6656,94.2809
2025-08-24,47.9729,56.0,43.9751,20.25,73.1677,49.6584,74.8447,71.4907
2025-08-25,73.7377,42.0,62.1952,100.0,65.7343,61.5651,74.3218,57.1469
2025-08-26,64.4985,66.0,73.64,32.2083,85.7162,71.88,91.8403,79.5921
2025-08-27,58.8741,54.0,55.8333,50.0,73.6429,54.9444,82.0,65.2857
2025-08-28,58.5502,60.0,64.7332,19.4375,84.3717,67.4111,72.4723,96.2712
2025-08-29,68.0874,52.0,38.9446,100.0,87.8336,33.6482,78.3189,97.3484
2025-08-30,71.8995,56.0,61.5884,100.0,72.1042,53.0295,74.3321,69.8762
2025-08-31,65.0468,52.0,56.9842,61.6667,80.2551,57.1614,72.1429,88.3673
2025-09-01,71.7368,40.0,55.4253,85.2917,92.8246,48.6418,99.7068,85.9423
2025-09-02,68.4402,52.0,51.7508,88.2083,83.207,45.4169,99.5166,66.8974
2025-09-03,73.0835,62.0,66.3953,81.7917,87.553,57.6318,94.9505,80.1556
2025-09-04,63.3108,22.0,48.559,83.8333,81.7249,37.353,66.9869,96.4629
2025-09-05,78.9048,58.0,72.9071,81.2083,89.255,70.469,99.9008,78.6092
2025-09-06,55.4872,60.0,56.7624,40.0833,74.9907,52.7541,98.3551,51.6263
2025-09-07,66.3106,34.0,42.1795,100.0,84.4973,31.7265,78.8846,90.1099
2025-09-08,51.3513,66.0,62.2823,21.625,60.4633,65.0941,70.0,50.9266
2025-09-09,59.6518,28.0,38.4334,92.5833,74.2314,27.9778,51.4799,96.9828
2025-09-10,63.1353,34.0,55.3959,71.7083,73.3173,50.632,49.6292,97.0055
2025-09-11,71.5392,74.5,72.2103,65.875,73.1571,74.2368,74.6975,71.6167
2025-09-12,65.8603,62.0,66.2222,38.75,96.4,63.5741,98.8,94.0
2025-09-13,79.5721,58.0,68.5748,100.0,79.4649,66.0249,81.2368,77.6931
2025-09-14,75.7799,52.0,67.9701,100.0,73.2447,61.3234,77.1318,69.3577
2025-09-15,66.4344,60.0,67.9156,59.75,70.0626,68.4719,75.6934,64.4317
2025-09-16,69.102,56.0,68.6406,100.0,54.2869,58.3802,62.8651,45.7086
2025-09-17,63.4766,34.0,44.7059,100.0,77.8151,29.5686,84.7059,70.9244
2025-09-18,66.0849,50.0,55.6335,69.375,80.1053,54.5445,87.0526,73.1579
2025-09-19,59.171,66.0,67.3874,35.8333,66.5714,69.7958,55.7297,77.4131
2025-09-20,69.5939,42.0,54.8115,100.0,79.6729,42.6038,85.5837,73.7621
2025-09-21,56.1125,52.0,60.9278,46.3333,55.5965,62.9759,60.1031,51.0898
2025-09-22,59.3615,64.0,66.1357,22.375,85.3224,66.7119,88.5841,82.0607
2025-09-23,59.4088,50.0,50.2595,63.5417,75.0094,46.2532,84.5868,65.432
2025-09-24,44.8464,68.0,54.2454,12.4375,50.6524,62.5818,53.0058,48.2989
2025-09-25,81.205,62.0,68.7947,95.0417,91.7785,64.9316,89.0244,94.5327
2025-09-26,65.2909,52.0,61.7204,46.0417,92.8664,59.7401,90.129,95.6037
2025-09-27,72.3934,42.0,62.0993,100.0,70.8274,55.0331,84.9016,56.7533
2025-09-28,56.1061,58.0,61.3102,23.5833,84.1329,59.1034,95.8382,72.4277
2025-09-29,68.6617,48.0,53.3686,95.625,71.0068,49.1229,84.6667,57.3469
2025-09-30,61.3298,50.0,39.1828,100.0,65.0628,33.0609,75.3288,54.7969
2025-10-01,74.1097,66.0,63.5017,100.0,70.8831,59.0006,68.9091,72.8571
2025-10-02,48.514,52.0,52.128,27.25,71.2349,47.5427,80.1695,62.3002
2025-10-03,55.4782,10.0,30.3276,100.0,69.0099,16.7759,83.2414,54.7783
2025-10-04,68.278,40.0,43.4355,100.0,92.2552,31.1452,85.4896,99.0208
2025-10-05,76.4429,56.0,64.287,100.0,82.1565,56.929,97.7929,66.5201
2025-10-06,68.6675,60.0,53.0733,100.0,78.7998,41.0244,80.5614,77.0382
2025-10-07,62.1353,52.0,47.1509,60.9167,88.4815,45.3836,92.8087,84.1543
2025-10-08,52.3313,46.0,38.6697,44.2917,84.0331,36.5566,95.2016,72.8646
2025-10-09,62.3001,40.0,49.3516,100.0,63.8744,36.1172,63.9846,63.7642
2025-10-10,81.2739,56.0,59.8354,100.0,95.291,59.4451,95.9259,94.6561
2025-10-11,80.4597,40.0,62.9602,100.0,86.879,63.1534,88.9179,84.8401
2025-10-12,60.6836,50.0,51.7437,53.625,84.8957,49.2479,85.9551,83.8363
2025-10-13,51.3117,22.0,43.6165,43.125,76.9076,39.7055,90.7059,63.1092
2025-10-14,68.5318,52.0,56.2298,100.0,67.9965,47.9099,75.5728,60.4202
2025-10-15,69.8707,54.0,68.5015,54.2083,83.5883,71.1672,70.0747,97.1019
2025-10-16,60.0458,48.0,54.0741,69.375,65.2481,50.358,77.7895,52.7068
2025-10-17,60.2291,44.0,36.9257,100.0,65.3391,30.3086,87.0292,43.6491
2025-10-18,54.6454,56.0,56.6374,22.625,72.8153,63.8791,72.2874,73.3431
2025-10-19,74.6546,60.0,68.0481,100.0,75.7671,57.0161,91.5649,59.9693
2025-10-20,68.3483,56.0,61.035,100.0,65.9514,48.845,82.8324,49.0704
2025-10-21,64.2041,54.0,42.3345,100.0,71.5472,35.4448,83.4296,59.6648
2025-10-22,74.2792,56.0,68.8504,100.0,70.052,59.9501,89.5494,50.5546
2025-10-23,51.8163,58.0,45.3846,12.5,85.1648,55.7949,79.2308,91.0989
2025-10-24,58.982,58.0,56.9302,30.2917,85.9303,60.1434,88.3911,83.4694
2025-10-27,49.0717,66.0,40.606,21.25,83.948,44.3687,72.1818,95.7143
2025-10-28,62.428,44.0,39.1631,100.0,71.9163,31.0544,94.4713,49.3612
2025-10-29,61.9651,42.0,27.0616,100.0,77.3469,26.3539,82.2689,72.425
2025-10-30,62.5555,64.0,58.5388,32.9167,94.2583,61.1796,96.7945,91.7221
2025-10-31,53.216,10.0,27.9041,93.5833,68.7207,15.968,66.0341,71.4072
2025-11-03,66.5773,66.0,68.9944,65.5833,71.6899,63.8315,74.133,69.2467
2025-11-04,59.1694,42.0,38.493,68.5,91.0966,31.6643,86.4789,95.7143
2025-11-05,58.7322,54.0,46.7521,47.7917,89.6451,45.4174,91.5877,87.7026
2025-11-06,54.0492,48.0,51.359,39.625,79.1178,46.953,82.6693,75.5663
2025-11-07,60.7433,42.0,55.3624,68.2083,68.2122,50.7874,58.2256,78.1988
2025-11-09,62.2886,48.0,10.0,100.0,84.01,22.6667,82.2807,85.7393
2025-11-10,55.4418,10.0,22.5079,100.0,72.7925,14.1693,85.4724,60.1125
2025-11-11,67.7394,40.0,46.7399,85.7083,80.5097,47.2466,94.5664,66.4529
2025-11-12,57.6144,44.0,58.8757,41.375,72.3377,58.6252,57.4308,87.2445
2025-11-13,72.7811,28.0,52.3086,100.0,97.5796,38.1029,97.6684,97.4908
2025-11-14,66.6788,48.0,47.8466,100.0,80.4526,35.2822,92.1947,68.7105
2025-11-15,52.3919,28.0,47.1958,40.5,84.5238,38.8986,74.2857,94.7619
2025-11-17,58.6088,48.0,42.8726,71.125,74.5694,39.6242,75.2265,73.9124
2025-11-18,58.4993,16.0,43.8765,100.0,69.8092,23.2922,88.8602,50.7582
2025-11-19,62.9195,44.0,40.2936,91.5417,77.7797,33.9312,95.8432,59.7161
2025-11-20,65.5918,48.0,45.1433,88.0417,88.458,35.3811,77.3776,99.5383
2025-11-21,61.4338,50.0,38.8013,78.4167,87.2009,32.9338,85.9819,88.4199
2025-11-22,54.1268,52.0,21.3579,77.5417,70.2233,27.786,44.2469,96.1996
2025-11-23,59.4577,66.0,58.9644,12.1875,94.6824,67.4881,99.4757,89.8891
2025-11-24,74.6137,54.0,57.8316,100.0,86.7321,49.6105,96.2536,77.2106
2025-11-25,64.9266,40.0,44.411,100.0,80.0376,31.4703,89.1729,70.9023
2025-11-26,56.7263,56.0,45.2289,76.9583,59.9692,41.0763,53.3144,66.624
2025-11-27,64.3458,54.0,57.193,69.375,73.4887,54.8977,57.5789,89.3985
2025-11-28,64.7784,28.0,37.8417,100.0,88.8036,25.2806,98.5372,79.07
2025-11-30,44.6832,66.0,32.9419,23.0625,78.8576,36.314,96.2119,61.5032
2025-12-01,51.8229,46.0,45.7856,22.5625,85.4248,48.9285,85.0661,85.7835
2025-12-02,62.1444,10.0,38.8511,94.1667,80.4134,28.617,91.1915,69.6353
2025-12-03,74.2774,71.5,79.3198,48.6667,91.1443,80.1066,92.6531,89.6356
2025-12-04,53.207,22.0,34.6614,93.875,59.0187,22.2205,79.0096,39.0278
2025-12-05,47.7872,22.0,37.3885,63.25,67.8109,24.1295,72.5899,63.0319
2025-12-06,46.4533,70.0,36.7209,20.3125,83.9136,38.907,72.5116,95.3156
2025-12-07,60.8941,42.0,44.1292,72.875,83.9397,37.5431,88.4775,79.4019
2025-12-08,71.8256,58.0,66.6557,100.0,72.0617,52.8852,78.2043,65.919
2025-12-09,67.8581,28.0,47.5222,100.0,80.4922,38.0074,88.539,72.4454
2025-12-10,49.8306,52.0,25.8953,81.9167,48.5428,29.2984,53.2962,43.7894
2025-12-11,53.891,54.0,47.6617,21.875,86.9126,53.2206,75.5522,98.2729
2025-12-12,44.2803,54.0,34.0,25.4167,75.3143,36.1667,78.9143,71.7143
2025-12-15,72.4723,54.0,60.09,79.2917,83.8165,60.3633,73.1721,94.4609
2025-12-16,53.956,10.0,33.383,100.0,62.1544,17.7943,44.8387,79.4701
2025-12-17,47.114,28.0,10.0,74.625,66.2739,16.0,65.6701,66.8778
2025-12-18,45.2683,77.5,21.9474,15.625,88.0902,36.4825,94.0,82.1805
2025-12-19,68.1151,60.0,61.0305,69.0833,82.0542,58.1768,82.5059,81.6025
2025-12-20,60.2016,70.0,67.4494,36.125,73.1059,67.6498,70.7288,75.4829
2025-12-21,71.7919,44.0,46.1967,100.0,97.4234,35.8989,99.9094,94.9374
2025-12-22,49.4029,68.0,47.7931,20.6875,75.8262,50.931,73.0415,78.6109
2025-12-23,60.9193,34.0,47.1131,81.3333,66.0778,43.871,79.1071,53.0485
2025-12-24,63.4195,34.0,48.8423,70.25,82.7972,45.9474,96.8531,68.7413
2025-12-25,46.3937,42.0,39.7227,17.1875,76.0792,46.0742,92.8908,59.2677
2025-12-26,55.7716,48.0,47.5555,38.75,86.4229,46.6852,99.76,73.0857
2025-12-27,45.9641,50.0,34.8785,13.9375,89.7474,38.1262,84.2542,95.2407
2025-12-28,52.7725,56.0,54.9392,22.8125,78.9218,55.3131,61.5036,96.34
2025-12-29,62.1654,46.0,40.2837,94.1667,75.2705,32.0946,62.8511,87.69
2025-12-30,67.7289,62.0,74.0627,28.3958,94.3739,76.1876,90.0281,98.7197
2026-01-03,32.2325,10.0,31.5209,18.875,56.1782,25.1736,56.881,55.4754
2026-01-04,57.7678,42.0,47.2956,67.3333,79.9562,36.5985,95.3302,64.5822
2026-01-05,63.6565,40.0,41.8274,89.2083,79.4258,36.1091,70.8451,88.0065
2026-01-06,60.6818,54.0,67.8788,26.3333,82.6136,68.9596,83.6364,81.5909
2026-01-07,67.883,44.0,53.0318,100.0,74.3245,42.1773,99.3668,49.2821
2026-01-08,62.4021,22.0,37.8649,100.0,83.4749,23.2883,94.1441,72.8057
2026-01-13,58.8793,58.0,55.2525,51.0,76.2013,52.5842,60.4546,91.9481
2026-01-14,78.3441,56.0,66.017,95.3333,85.8626,62.0056,79.7881,91.937
2026-01-15,71.2781,46.0,52.6667,100.0,77.14,48.2222,90.28,64.0
2026-01-16,55.465,10.0,33.5932,95.3333,71.9976,17.8644,81.6949,62.3002
2026-01-17,44.2461,42.0,34.6176,22.5,77.8025,36.3725,73.0,82.6051
2026-01-19,46.9136,66.0,39.9118,14.0,80.2416,46.6373,68.2353,92.2479
2026-01-20,49.0397,54.0,44.471,21.75,76.9033,48.657,74.6707,79.136
2026-01-22,58.4848,64.0,66.9136,22.1875,80.5524,67.9712,87.8667,73.2381
2026-01-23,60.0402,68.0,64.7332,19.4375,84.0865,71.0777,97.8605,70.3124
2026-01-24,73.4375,97.0,86.9481,41.0833,82.2239,89.1494,84.5647,79.8832
2026-01-25,37.0306,95.5,31.75,10.0,50.2321,46.25,42.25,58.2143
2026-01-26,60.9678,66.0,70.5867,33.7917,79.3023,66.8622,96.6849,61.9197
2026-01-28,76.0501,58.0,59.8541,100.0,87.9984,52.118,99.4257,76.5712
2026-01-29,59.9704,92.5,88.69,12.125,57.1762,93.73,30.3113,84.0411
2026-02-01,67.11,28.0,50.5683,100.0,87.6009,31.5228,87.5573,87.6445
2026-02-02,77.3328,54.0,69.0823,88.0417,88.332,62.8608,91.6757,84.9883
2026-02-03,74.8573,50.0,60.6667,100.0,79.9171,54.7222,98.92,60.9143
2026-02-04,71.4463,42.0,50.1325,100.0,87.7457,41.5442,97.3394,78.152
2026-02-05,75.8774,58.0,66.0427,100.0,71.5496,62.6809,80.4039,62.6953
2026-02-06,69.4393,28.0,57.3809,100.0,69.0969,49.2936,81.3572,56.8367
2026-02-07,79.1668,46.0,65.9208,100.0,78.6235,65.6403,88.3695,68.8775
2026-02-08,66.8287,22.0,48.7943,94.1667,74.5866,43.4315,95.4043,53.769
2026-02-09,79.3241,70.0,78.7421,67.3333,97.1799,75.414,97.0283,97.3315
2026-02-10,62.0794,16.0,47.0051,100.0,65.7752,34.335,93.8782,37.6722
2026-02-11,80.9232,60.0,69.0651,100.0,82.1988,67.355,98.8404,65.5571
2026-02-12,74.6951,58.0,63.5017,100.0,76.1818,56.8339,84.1818,68.1818
2026-02-13,65.2941,34.0,44.0509,95.0417,78.9623,36.3503,81.3892,76.5354
2026-02-15,84.0559,62.0,72.5586,100.0,91.1664,68.6862,97.8899,84.443
2026-02-16,77.5307,52.0,60.753,100.0,79.2308,61.4177,74.8491,83.6125
2026-02-17,78.3432,50.0,66.2823,100.0,78.81,63.5941,94.4533,63.1667
2026-02-18,76.7984,56.0,60.2179,100.0,85.4356,55.5726,89.428,81.4432
2026-02-19,82.9347,64.0,71.409,100.0,87.567,68.4697,98.3299,76.8041
2026-02-20,63.6748,44.0,61.4731,78.7083,57.167,57.991,67.2266,47.1074
2026-02-21,68.4918,52.0,65.8313,57.4167,83.8891,65.6104,88.2801,79.4981
2026-02-22,65.3447,80.5,82.2008,18.8125,83.0435,84.5669,86.5217,79.5652
2026-02-23,81.4824,60.0,68.8889,95.625,85.619,69.2963,81.2381,90.0
2026-02-24,58.989,56.0,59.0066,70.5417,53.1665,55.1689,75.3783,30.9546
2026-02-25,71.5058,91.0,84.3043,21.625,93.2432,90.2681,99.1892,87.2973
2026-02-26,72.9604,64.0,73.1818,76.6667,70.6039,72.0606,51.7273,89.4805
2026-02-27,72.4912,50.0,61.25,81.3333,84.7608,58.4167,92.3661,77.1556
2026-02-28,79.6202,54.0,70.6907,100.0,77.5753,67.3969,88.1622,66.9884
2026-03-01,60.2764,54.0,39.3848,95.9167,63.3585,34.4616,66.7019,60.0151
2026-03-02,73.3754,60.0,69.581,82.2083,74.8149,66.527,97.297,52.3328
2026-03-03,76.3083,56.0,71.3907,84.25,78.8836,69.2969,73.9735,83.7938
2026-03-04,80.2006,71.5,81.5521,83.0833,80.8426,77.8507,95.8093,65.8758
2026-03-05,62.1135,73.0,84.0829,14.1875,76.9183,84.1943,67.2578,86.5787
2026-03-06,75.9104,66.0,73.8902,71.4167,88.5747,70.4634,98.5383,78.6112
2026-03-07,81.2797,60.0,71.4952,100.0,81.4815,68.6651,82.5926,80.3704
2026-03-08,69.2194,52.0,58.9572,81.0417,78.9976,54.8191,92.257,65.7382
2026-03-09,64.4338,50.0,55.3278,64.7083,81.3962,52.9426,99.4636,63.3288
2026-03-10,75.5381,62.0,57.7778,96.5,90.9946,51.2593,92.7848,89.2043
2026-03-11,60.6236,66.0,69.3553,21.6875,79.5674,73.9518,98.2459,60.8888
2026-03-12,68.696,95.5,85.0022,39.625,71.8099,86.0007,76.9323,66.6875
2026-03-13,79.4314,60.0,73.6937,89.7917,77.3714,73.8979,80.2486,74.4942
2026-03-14,77.9553,66.0,76.6903,100.0,61.9985,73.8968,81.1702,42.8267
2026-03-15,65.5968,70.0,71.4729,70.8333,55.2691,68.991,65.2558,45.2824
2026-03-16,81.1399,66.0,78.1807,100.0,67.1495,77.8936,82.4329,51.866
2026-03-17,75.2979,60.0,64.1069,96.5,81.9892,56.7023,90.5063,73.472
2026-03-18,79.0254,54.0,70.2584,100.0,71.9597,69.7528,64.3936,79.5257
2026-03-19,74.4644,76.0,81.9694,86.5833,54.0575,79.9898,52.5383,55.5767
2026-03-20,78.1114,64.0,72.6208,87.4583,83.3712,68.3736,96.1723,70.5702
2026-03-21,85.6888,66.0,80.0628,100.0,80.6295,79.5209,88.3051,72.954
2026-03-22,80.8253,73.0,72.7429,100.0,82.5171,66.9143,80.0738,84.9605
2026-03-23,73.9196,56.0,62.2695,94.1667,71.1672,62.2565,74.3404,67.9939
2026-03-24,59.1147,64.0,58.6325,47.5,78.8352,53.7108,81.0769,76.5934
2026-03-25,82.9626,66.0,74.5736,100.0,82.8322,71.6912,96.8605,68.804
2026-03-26,78.4145,54.0,69.0762,96.7917,75.8708,67.8587,94.5943,57.1474
2026-03-27,85.8348,74.5,76.4481,100.0,89.1979,74.1494,83.0328,95.363
2026-03-28,68.1022,60.0,54.3015,67.0417,91.1655,53.4338,93.7308,88.6001
2026-03-29,53.7228,54.0,57.4327,20.25,75.5634,61.4776,56.9565,94.1704
2026-03-30,68.0188,62.0,69.3685,63.25,74.1316,67.1228,87.6978,60.5653
2026-03-31,74.0478,62.0,70.2622,100.0,62.5361,64.4207,52.4719,72.6003
2026-04-01,85.5243,76.0,80.6095,100.0,78.5302,80.5365,92.1174,64.9429
2026-04-02,76.169,50.0,66.6074,100.0,70.2877,64.2025,86.4067,54.1687
2026-04-03,70.3613,64.0,74.9039,52.75,79.3126,76.1346,83.5338,75.0913
2026-04-04,42.1499,54.0,45.745,20.6875,56.2146,47.0817,70.8295,41.5997
2026-04-05,79.2318,58.0,77.9476,100.0,71.3376,70.6492,97.0064,45.6688
2026-04-06,77.9616,70.0,77.4983,100.0,58.1165,76.4994,73.8945,42.3385
2026-04-07,82.5742,68.0,82.0378,87.1667,80.5739,80.8459,97.2489,63.8989
2026-04-08,73.1868,68.0,75.7422,73.4583,66.0743,77.7474,86.6398,45.5088
2026-04-09,69.6928,66.0,73.0233,70.8333,58.0797,76.6744,61.907,54.2525
2026-04-10,83.7794,70.0,81.7968,85.125,86.7044,80.9323,98.9109,74.4979
